id,conversation_id,created_at,date,timezone,place,tweet,language,hashtags,cashtags,user_id,user_id_str,username,name,day,hour,link,urls,photos,video,thumbnail,retweet,nlikes,nreplies,nretweets,quote_url,search,near,geo,source,user_rt_id,user_rt,retweet_id,reply_to,retweet_date,translate,trans_src,trans_dest
1543001295040450560,1542440102332342278,1656715150000.0,2022-07-02 00:39:10,200,,"@alviinaalametsa @TeestaSetalvad Oh your pain lies there, then rightly she is being punished for being associated with you.  In India there is law that nobody shall by malafide means use law against any innocent as a tool to defame and cause harassment.  Allow her wills to be scrutinized on the desk ...‚úçÔ∏è",en,[],[],350070490,350070490,DrBharatbhushan,BharatBhushan,6,0,https://twitter.com/DrBharatbhushan/status/1543001295040450560,[],[],0,,False,0,0,0,,None,,,,,,,"[{'screen_name': 'alviinaalametsa', 'name': 'Alviina Alamets√§', 'id': '888960558'}, {'screen_name': 'TeestaSetalvad', 'name': 'Teesta Setalvad', 'id': '116372682'}]",,,,
1542996776998912001,1542440102332342278,1656714073000.0,2022-07-02 00:21:13,200,,@alviinaalametsa @TeestaSetalvad They won't but and you will increase your investments in India because the West really doesnt care about human rights. They care more about economy and power to keep China in check and to use India for that.,en,[],[],1028707420787367936,1028707420787367936,IntelligentDes7,IntelligentDesign,6,0,https://twitter.com/IntelligentDes7/status/1542996776998912001,[],[],0,,False,0,0,0,,None,,,,,,,"[{'screen_name': 'alviinaalametsa', 'name': 'Alviina Alamets√§', 'id': '888960558'}, {'screen_name': 'TeestaSetalvad', 'name': 'Teesta Setalvad', 'id': '116372682'}]",,,,
1542985109586018313,1542440102332342278,1656711292000.0,2022-07-01 23:34:52,200,,@alviinaalametsa @annavetticad @TeestaSetalvad Deal with Islamists in ur country. Dont lecture India,en,[],[],1540827546211721216,1540827546211721216,AP18644787,AP,5,23,https://twitter.com/AP18644787/status/1542985109586018313,[],[],0,,False,0,0,0,,None,,,,,,,"[{'screen_name': 'alviinaalametsa', 'name': 'Alviina Alamets√§', 'id': '888960558'}, {'screen_name': 'annavetticad', 'name': 'Anna MM Vetticad', 'id': '64526820'}, {'screen_name': 'TeestaSetalvad', 'name': 'Teesta Setalvad', 'id': '116372682'}]",,,,
1542955071142785024,1542440102332342278,1656704130000.0,2022-07-01 21:35:30,200,,@alviinaalametsa @TeestaSetalvad New India!  https://t.co/hvoASvxZve,en,[],[],822696812083609601,822696812083609601,AyshaHaseen,Aysha Haseen,5,21,https://twitter.com/AyshaHaseen/status/1542955071142785024,[],['https://pbs.twimg.com/media/FWmtda6agAIy4ZY.jpg'],1,https://pbs.twimg.com/media/FWmtda6agAIy4ZY.jpg,False,20,0,5,,None,,,,,,,"[{'screen_name': 'alviinaalametsa', 'name': 'Alviina Alamets√§', 'id': '888960558'}, {'screen_name': 'TeestaSetalvad', 'name': 'Teesta Setalvad', 'id': '116372682'}]",,,,
1542949695093256192,1542440102332342278,1656702848000.0,2022-07-01 21:14:08,200,,@alviinaalametsa @TeestaSetalvad That activists has millions in account god all should be activists no one die poor or hungry..,en,[],[],195223731,195223731,amitkaul1234,Amit Kaul,5,21,https://twitter.com/amitkaul1234/status/1542949695093256192,[],[],0,,False,0,0,0,,None,,,,,,,"[{'screen_name': 'alviinaalametsa', 'name': 'Alviina Alamets√§', 'id': '888960558'}, {'screen_name': 'TeestaSetalvad', 'name': 'Teesta Setalvad', 'id': '116372682'}]",,,,
1542943673368776704,1542440102332342278,1656701412000.0,2022-07-01 20:50:12,200,,@alviinaalametsa @TeestaSetalvad Shutup ... and do such propaganda in your state,en,[],[],1433083584022081536,1433083584022081536,Shrikan53016206,Bearded Guy,5,20,https://twitter.com/Shrikan53016206/status/1542943673368776704,[],[],0,,False,0,0,0,,None,,,,,,,"[{'screen_name': 'alviinaalametsa', 'name': 'Alviina Alamets√§', 'id': '888960558'}, {'screen_name': 'TeestaSetalvad', 'name': 'Teesta Setalvad', 'id': '116372682'}]",,,,
1542929998733946881,1542440102332342278,1656698152000.0,2022-07-01 19:55:52,200,,@alviinaalametsa @TeestaSetalvad You can take trash like Teesta to your country. Less work for our cleaners.,en,[],[],1466424378288128004,1466424378288128004,soul_with_body,SC,5,19,https://twitter.com/soul_with_body/status/1542929998733946881,[],[],0,,False,0,0,0,,None,,,,,,,"[{'screen_name': 'alviinaalametsa', 'name': 'Alviina Alamets√§', 'id': '888960558'}, {'screen_name': 'TeestaSetalvad', 'name': 'Teesta Setalvad', 'id': '116372682'}]",,,,
1542917307974172673,1542440102332342278,1656695126000.0,2022-07-01 19:05:26,200,,@alviinaalametsa @TeestaSetalvad I would like to respectfully ask this white blonde lady to mind her own business and not interfere in a sovereign country's internal affairs.,en,[],[],1285874116294107136,1285874116294107136,engineer631480,sidharth,5,19,https://twitter.com/engineer631480/status/1542917307974172673,[],[],0,,False,0,0,0,,None,,,,,,,"[{'screen_name': 'alviinaalametsa', 'name': 'Alviina Alamets√§', 'id': '888960558'}, {'screen_name': 'TeestaSetalvad', 'name': 'Teesta Setalvad', 'id': '116372682'}]",,,,
1542915144799457281,1542440102332342278,1656694611000.0,2022-07-01 18:56:51,200,,@alviinaalametsa @TeestaSetalvad üëçüèªüôèüèªüôèüèªüôèüèª,und,[],[],1304047773247889414,1304047773247889414,PinjariShakeel,Shakeel Pinjari,5,18,https://twitter.com/PinjariShakeel/status/1542915144799457281,[],[],0,,False,0,0,0,,None,,,,,,,"[{'screen_name': 'alviinaalametsa', 'name': 'Alviina Alamets√§', 'id': '888960558'}, {'screen_name': 'TeestaSetalvad', 'name': 'Teesta Setalvad', 'id': '116372682'}]",,,,
1542906699199266816,1542440102332342278,1656692597000.0,2022-07-01 18:23:17,200,,@alviinaalametsa @TeestaSetalvad Russia can you please invade these mothafuckas already?,en,[],[],1535132345530982400,1535132345530982400,Hilale_pakistan,Bakriuddin Owaisi,5,18,https://twitter.com/Hilale_pakistan/status/1542906699199266816,[],[],0,,False,0,0,0,,None,,,,,,,"[{'screen_name': 'alviinaalametsa', 'name': 'Alviina Alamets√§', 'id': '888960558'}, {'screen_name': 'TeestaSetalvad', 'name': 'Teesta Setalvad', 'id': '116372682'}]",,,,
1542906516965330945,1542440102332342278,1656692554000.0,2022-07-01 18:22:34,200,,@alviinaalametsa @TeestaSetalvad thanks for raising voice for indians,en,[],[],1483735934336376833,1483735934336376833,mohiuddin_223,ahmed mohiuddin,5,18,https://twitter.com/mohiuddin_223/status/1542906516965330945,[],[],0,,False,1,0,0,,None,,,,,,,"[{'screen_name': 'alviinaalametsa', 'name': 'Alviina Alamets√§', 'id': '888960558'}, {'screen_name': 'TeestaSetalvad', 'name': 'Teesta Setalvad', 'id': '116372682'}]",,,,
1542901043373035521,1542440102332342278,1656691249000.0,2022-07-01 18:00:49,200,,"@alviinaalametsa @TeestaSetalvad Teesta is ""The Bone of Contention"" of the present two Heads of the Country?",en,[],[],700569742650662917,700569742650662917,Toe_n_nee,Anthony Fernandes,5,18,https://twitter.com/Toe_n_nee/status/1542901043373035521,[],[],0,,False,0,0,1,,None,,,,,,,"[{'screen_name': 'alviinaalametsa', 'name': 'Alviina Alamets√§', 'id': '888960558'}, {'screen_name': 'TeestaSetalvad', 'name': 'Teesta Setalvad', 'id': '116372682'}]",,,,
1542877800318861314,1542440102332342278,1656685707000.0,2022-07-01 16:28:27,200,,@alviinaalametsa @TeestaSetalvad 100%,und,[],[],1299015793443852296,1299015793443852296,_hamza_iftikhar,Hamza Iftikhar,5,16,https://twitter.com/_hamza_iftikhar/status/1542877800318861314,[],[],0,,False,0,0,0,,None,,,,,,,"[{'screen_name': 'alviinaalametsa', 'name': 'Alviina Alamets√§', 'id': '888960558'}, {'screen_name': 'TeestaSetalvad', 'name': 'Teesta Setalvad', 'id': '116372682'}]",,,,
1542876729005465602,1542440102332342278,1656685452000.0,2022-07-01 16:24:12,200,,"@alviinaalametsa @TeestaSetalvad I‚Äôm saddened by the worsening human rights situation in USA &amp; Europe. For the EU to be able to strengthen its cooperation with India, the EU must commit to the protection human rights defenders @JulianAssange_",en,[],[],1465942675949973504,1465942675949973504,bhattketan1468,Ketan Bhatt,5,16,https://twitter.com/bhattketan1468/status/1542876729005465602,[],[],0,,False,2,0,1,,None,,,,,,,"[{'screen_name': 'alviinaalametsa', 'name': 'Alviina Alamets√§', 'id': '888960558'}, {'screen_name': 'TeestaSetalvad', 'name': 'Teesta Setalvad', 'id': '116372682'}]",,,,
1542872042021588992,1542440102332342278,1656684334000.0,2022-07-01 16:05:34,200,,@alviinaalametsa @TeestaSetalvad By the way WTF are you? ü§£,en,[],[],1493177096578895873,1493177096578895873,suswat4,suswat,5,16,https://twitter.com/suswat4/status/1542872042021588992,[],[],0,,False,0,0,0,,None,,,,,,,"[{'screen_name': 'alviinaalametsa', 'name': 'Alviina Alamets√§', 'id': '888960558'}, {'screen_name': 'TeestaSetalvad', 'name': 'Teesta Setalvad', 'id': '116372682'}]",,,,
1542870332373336065,1542440102332342278,1656683927000.0,2022-07-01 15:58:47,200,,@alviinaalametsa @Ahmedzaman1988 @TeestaSetalvad  https://t.co/auEfenZT7F,qme,[],[],770320919021576193,770320919021576193,alisarfarazbhs,SYED SARFARAZ ALI,5,15,https://twitter.com/alisarfarazbhs/status/1542870332373336065,[],['https://pbs.twimg.com/media/FWlgYfSagAIW4pH.png'],1,https://pbs.twimg.com/media/FWlgYfSagAIW4pH.png,False,0,0,0,,None,,,,,,,"[{'screen_name': 'alviinaalametsa', 'name': 'Alviina Alamets√§', 'id': '888960558'}, {'screen_name': 'Ahmedzaman1988', 'name': 'Sultan 2.0', 'id': '1425152315208597510'}]",,,,
1542869471098212352,1542440102332342278,1656683721000.0,2022-07-01 15:55:21,200,,@alviinaalametsa @TeestaSetalvad  https://t.co/IVLBXK5CoP,qme,[],[],816206991185965056,816206991185965056,MiFe007,Michael Fernandes üáÆüá≥ ‚ÜôÔ∏è,5,15,https://twitter.com/MiFe007/status/1542869471098212352,[],['https://pbs.twimg.com/media/FWlfmwMaQAAIE-x.jpg'],1,https://pbs.twimg.com/media/FWlfmwMaQAAIE-x.jpg,False,0,0,0,,None,,,,,,,"[{'screen_name': 'alviinaalametsa', 'name': 'Alviina Alamets√§', 'id': '888960558'}]",,,,
1542869065018265600,1542440102332342278,1656683624000.0,2022-07-01 15:53:44,200,,@alviinaalametsa @TeestaSetalvad Look who's talking. Kudos to India for not paying any heed to such one sided ill informed noise.,en,[],[],1478656999050993665,1478656999050993665,FreeMusketeerr,FreeMusketeer,5,15,https://twitter.com/FreeMusketeerr/status/1542869065018265600,[],[],0,,False,0,0,0,,None,,,,,,,"[{'screen_name': 'alviinaalametsa', 'name': 'Alviina Alamets√§', 'id': '888960558'}, {'screen_name': 'TeestaSetalvad', 'name': 'Teesta Setalvad', 'id': '116372682'}]",,,,
1542868513546997762,1542440102332342278,1656683493000.0,2022-07-01 15:51:33,200,,"@alviinaalametsa @TeestaSetalvad You mean the ""activist"" who filed false complaints to implicate a man and to steal huge amount of donation money in her so-called victims name? Who paid you to support such a criminal?",en,[],[],6987882,6987882,angsuman,Angsuman Chakraborty,5,15,https://twitter.com/angsuman/status/1542868513546997762,[],[],0,,False,0,0,0,,None,,,,,,,"[{'screen_name': 'alviinaalametsa', 'name': 'Alviina Alamets√§', 'id': '888960558'}, {'screen_name': 'TeestaSetalvad', 'name': 'Teesta Setalvad', 'id': '116372682'}]",,,,
1542864501086748675,1542440102332342278,1656682536000.0,2022-07-01 15:35:36,200,,@alviinaalametsa @TeestaSetalvad Who are you and what do you know about my country to make such statement... keep your nose out....,en,[],[],2749722252,2749722252,mimeekk,Mita Kamat,5,15,https://twitter.com/mimeekk/status/1542864501086748675,[],[],0,,False,0,0,0,,None,,,,,,,"[{'screen_name': 'alviinaalametsa', 'name': 'Alviina Alamets√§', 'id': '888960558'}, {'screen_name': 'TeestaSetalvad', 'name': 'Teesta Setalvad', 'id': '116372682'}]",,,,
1542863683377922052,1542440102332342278,1656682341000.0,2022-07-01 15:32:21,200,,"@alviinaalametsa @TeestaSetalvad Meanwhile ur country is giving a BJ to turkey so that they allow u a place in NATO,first look at ur house Beach",en,[],[],1460280271396347908,1460280271396347908,har_bira,HarBira,5,15,https://twitter.com/har_bira/status/1542863683377922052,[],[],0,,False,0,0,0,,None,,,,,,,"[{'screen_name': 'alviinaalametsa', 'name': 'Alviina Alamets√§', 'id': '888960558'}, {'screen_name': 'TeestaSetalvad', 'name': 'Teesta Setalvad', 'id': '116372682'}]",,,,
1542851098389540864,1542440102332342278,1656679341000.0,2022-07-01 14:42:21,200,,@alviinaalametsa @TeestaSetalvad Can twitter classify it as paid comment.,en,[],[],272039466,272039466,dtewary,Deepak Tewary,5,14,https://twitter.com/dtewary/status/1542851098389540864,[],[],0,,False,0,0,0,,None,,,,,,,"[{'screen_name': 'alviinaalametsa', 'name': 'Alviina Alamets√§', 'id': '888960558'}, {'screen_name': 'TeestaSetalvad', 'name': 'Teesta Setalvad', 'id': '116372682'}]",,,,
1542842586871697408,1542440102332342278,1656677311000.0,2022-07-01 14:08:31,200,,@alviinaalametsa @TeestaSetalvad Mind your own work mrs. Flintstones,en,[],[],1509585004182921231,1509585004182921231,ugendar_raju,Ugendar V,5,14,https://twitter.com/ugendar_raju/status/1542842586871697408,[],[],0,,False,0,0,0,,None,,,,,,,"[{'screen_name': 'alviinaalametsa', 'name': 'Alviina Alamets√§', 'id': '888960558'}, {'screen_name': 'TeestaSetalvad', 'name': 'Teesta Setalvad', 'id': '116372682'}]",,,,
1542841448021872641,1542440102332342278,1656677040000.0,2022-07-01 14:04:00,200,,@alviinaalametsa @TeestaSetalvad We dint ask for opinions from you or the likes.  Set your house in order!!!,en,[],[],2375328692,2375328692,DiVpops,Divya Mukundan,5,14,https://twitter.com/DiVpops/status/1542841448021872641,[],[],0,,False,0,0,0,,None,,,,,,,"[{'screen_name': 'alviinaalametsa', 'name': 'Alviina Alamets√§', 'id': '888960558'}, {'screen_name': 'TeestaSetalvad', 'name': 'Teesta Setalvad', 'id': '116372682'}]",,,,
1542839024280571905,1542440102332342278,1656676462000.0,2022-07-01 13:54:22,200,,@alviinaalametsa @TeestaSetalvad Mind your business please,en,[],[],71320796,71320796,Subracadabra,Instant Karma !üáÆüá≥,5,13,https://twitter.com/Subracadabra/status/1542839024280571905,[],[],0,,False,0,0,0,,None,,,,,,,"[{'screen_name': 'alviinaalametsa', 'name': 'Alviina Alamets√§', 'id': '888960558'}, {'screen_name': 'TeestaSetalvad', 'name': 'Teesta Setalvad', 'id': '116372682'}]",,,,
1542834975728615424,1542440102332342278,1656675497000.0,2022-07-01 13:38:17,200,,@alviinaalametsa @TeestaSetalvad Take away your EU ass. This is a country!! We have Govt to manage the affairs. Lecture to @CCPChina to maintain human rights first!!!!,en,[],[],2703337597,2703337597,seetharaman66,IamSeetharaman66,5,13,https://twitter.com/seetharaman66/status/1542834975728615424,[],[],0,,False,2,0,0,,None,,,,,,,"[{'screen_name': 'alviinaalametsa', 'name': 'Alviina Alamets√§', 'id': '888960558'}, {'screen_name': 'TeestaSetalvad', 'name': 'Teesta Setalvad', 'id': '116372682'}]",,,,
1542829414815109120,1542440102332342278,1656674171000.0,2022-07-01 13:16:11,200,,"@alviinaalametsa @TeestaSetalvad I really like Finland and Finnish people. But clearly, not all of them care to educate themselves about India and its problems and instead choose to make ignorant, ill informed statements with no respect for our judicial process.",en,[],[],254043839,254043839,SachinDPatange,Daisycutter,5,13,https://twitter.com/SachinDPatange/status/1542829414815109120,[],[],0,,False,0,0,0,,None,,,,,,,"[{'screen_name': 'alviinaalametsa', 'name': 'Alviina Alamets√§', 'id': '888960558'}, {'screen_name': 'TeestaSetalvad', 'name': 'Teesta Setalvad', 'id': '116372682'}]",,,,
1542824723444563968,1542440102332342278,1656673053000.0,2022-07-01 12:57:33,200,,"@alviinaalametsa @TeestaSetalvad Ohh please we don't want to do trade again with Colonials....last time they came for trade, they made us slaves",en,[],[],154549118,154549118,ib4uanytime,susant  parida,5,12,https://twitter.com/ib4uanytime/status/1542824723444563968,[],[],0,,False,0,0,0,,None,,,,,,,"[{'screen_name': 'alviinaalametsa', 'name': 'Alviina Alamets√§', 'id': '888960558'}, {'screen_name': 'TeestaSetalvad', 'name': 'Teesta Setalvad', 'id': '116372682'}]",,,,
1542824020177211393,1542440102332342278,1656672885000.0,2022-07-01 12:54:45,200,,"@alviinaalametsa @TeestaSetalvad Madam, please we are too full of your propagandas and politics. If you want Indian cooperation then don't meddle in our affairs. Do we involve in your country's affairs?",en,[],[],1301098695090298880,1301098695090298880,shanthala_kumar,shanthala kumarüáÆüá≥,5,12,https://twitter.com/shanthala_kumar/status/1542824020177211393,[],[],0,,False,0,0,0,,None,,,,,,,"[{'screen_name': 'alviinaalametsa', 'name': 'Alviina Alamets√§', 'id': '888960558'}, {'screen_name': 'TeestaSetalvad', 'name': 'Teesta Setalvad', 'id': '116372682'}]",,,,
1542822190017495041,1542440102332342278,1656672449000.0,2022-07-01 12:47:29,200,,@alviinaalametsa @TeestaSetalvad Oops I think someone forgot to update you that you don't 0wn us. It's our internal matter and will be taken up as per law of the land.,en,[],[],1139257408880967680,1139257408880967680,woke_less,Ria (Blank) üáÆüá≥,5,12,https://twitter.com/woke_less/status/1542822190017495041,[],[],0,,False,8,0,1,,None,,,,,,,"[{'screen_name': 'alviinaalametsa', 'name': 'Alviina Alamets√§', 'id': '888960558'}, {'screen_name': 'TeestaSetalvad', 'name': 'Teesta Setalvad', 'id': '116372682'}]",,,,
1542818786960883714,1542440102332342278,1656671637000.0,2022-07-01 12:33:57,200,,@alviinaalametsa @TeestaSetalvad üî• üî• üî• üñï üñï üñï,und,[],[],1159857148144177152,1159857148144177152,anashmika,Hindüö©Sanatani,5,12,https://twitter.com/anashmika/status/1542818786960883714,[],[],0,,False,0,0,0,,None,,,,,,,"[{'screen_name': 'alviinaalametsa', 'name': 'Alviina Alamets√§', 'id': '888960558'}, {'screen_name': 'TeestaSetalvad', 'name': 'Teesta Setalvad', 'id': '116372682'}]",,,,
1542813625835929602,1542440102332342278,1656670407000.0,2022-07-01 12:13:27,200,,@alviinaalametsa @sagarikaghose @TeestaSetalvad You have to take care of your country ...,en,[],[],3099469722,3099469722,VickyHanumant,VICKY GUSAIN,5,12,https://twitter.com/VickyHanumant/status/1542813625835929602,[],[],0,,False,0,0,0,,None,,,,,,,"[{'screen_name': 'alviinaalametsa', 'name': 'Alviina Alamets√§', 'id': '888960558'}, {'screen_name': 'sagarikaghose', 'name': 'Sagarika Ghose', 'id': '56312411'}, {'screen_name': 'TeestaSetalvad', 'name': 'Teesta Setalvad', 'id': '116372682'}]",,,,
1542806726763618304,1542440102332342278,1656668762000.0,2022-07-01 11:46:02,200,,@alviinaalametsa @TeestaSetalvad Yup. Should stop trade talks. Trade with China is better.,en,[],[],809969556852609024,809969556852609024,PrasadSatya10,Prasad Satya,5,11,https://twitter.com/PrasadSatya10/status/1542806726763618304,[],[],0,,False,1,0,0,,None,,,,,,,"[{'screen_name': 'alviinaalametsa', 'name': 'Alviina Alamets√§', 'id': '888960558'}, {'screen_name': 'TeestaSetalvad', 'name': 'Teesta Setalvad', 'id': '116372682'}]",,,,
1542630984914436098,1542440102332342278,1656626862000.0,2022-07-01 00:07:42,200,,"@alviinaalametsa @TeestaSetalvad We heard, anything else?",en,[],[],555321637,555321637,ScorpionHere,Deewaker PandeyüáÆüá≥,5,0,https://twitter.com/ScorpionHere/status/1542630984914436098,[],[],0,,False,1,0,0,,None,,,,,,,"[{'screen_name': 'alviinaalametsa', 'name': 'Alviina Alamets√§', 'id': '888960558'}, {'screen_name': 'TeestaSetalvad', 'name': 'Teesta Setalvad', 'id': '116372682'}]",,,,
1542630638812991488,1542440102332342278,1656626779000.0,2022-07-01 00:06:19,200,,@alviinaalametsa @TeestaSetalvad  https://t.co/QTq0kg1CQg,qme,[],[],93632495,93632495,dschamyal,Deependra Chamyal,5,0,https://twitter.com/dschamyal/status/1542630638812991488,[],['https://pbs.twimg.com/media/FWiGYs7UEAE8eVq.jpg'],1,https://pbs.twimg.com/media/FWiGYs7UEAE8eVq.jpg,False,2,0,0,,None,,,,,,,"[{'screen_name': 'alviinaalametsa', 'name': 'Alviina Alamets√§', 'id': '888960558'}]",,,,
1542625875161624576,1542440102332342278,1656625643000.0,2022-06-30 23:47:23,200,,"@alviinaalametsa @TeestaSetalvad Madam, In India people are facing crisis of ‚Äúright to life‚Äù from ISIS style butchers. We have no time for serial con woman pretending to be some kind of selective rights activists. Nearly 300 Hindus died in Gujarat riots. How many Hindus did this con woman defended? Do you know?",en,[],[],1492647769005502467,1492647769005502467,ZoubeinD,ZoubeinDev,4,23,https://twitter.com/ZoubeinD/status/1542625875161624576,[],[],0,,False,0,0,0,,None,,,,,,,"[{'screen_name': 'alviinaalametsa', 'name': 'Alviina Alamets√§', 'id': '888960558'}, {'screen_name': 'TeestaSetalvad', 'name': 'Teesta Setalvad', 'id': '116372682'}]",,,,
1542619389131952130,1542440102332342278,1656624097000.0,2022-06-30 23:21:37,200,,@alviinaalametsa @TeestaSetalvad Please look beyond your bigotry. Get some skin in the game by understanding the issue better instead of pontificating to a narrative,en,[],[],2964987019,2964987019,mungi_man,Mungi Man,4,23,https://twitter.com/mungi_man/status/1542619389131952130,[],[],0,,False,0,0,0,,None,,,,,,,"[{'screen_name': 'alviinaalametsa', 'name': 'Alviina Alamets√§', 'id': '888960558'}, {'screen_name': 'TeestaSetalvad', 'name': 'Teesta Setalvad', 'id': '116372682'}]",,,,
1542613001924390912,1542440102332342278,1656622574000.0,2022-06-30 22:56:14,200,,@alviinaalametsa @TeestaSetalvad Any comment on EU human rights record ???,en,[],[],4666930790,4666930790,guptasgp,Prabhat Gupta,4,22,https://twitter.com/guptasgp/status/1542613001924390912,[],[],0,,False,0,0,0,,None,,,,,,,"[{'screen_name': 'alviinaalametsa', 'name': 'Alviina Alamets√§', 'id': '888960558'}, {'screen_name': 'TeestaSetalvad', 'name': 'Teesta Setalvad', 'id': '116372682'}]",,,,
1542609341923983361,1542440102332342278,1656621702000.0,2022-06-30 22:41:42,200,,"@alviinaalametsa Stop interfering in internal matters of India. Does EU protect criminal conspirators and people falsifying evidences ? If that's the nature of EU, that is a relation India wouldn't want. Human Rights and Human Rights ""defenders"" are entirely different things.",en,[],[],120384523,120384523,Arjun_S_R,Arjun S R üáÆüá≥,4,22,https://twitter.com/Arjun_S_R/status/1542609341923983361,[],[],0,,False,0,1,0,,None,,,,,,,"[{'screen_name': 'alviinaalametsa', 'name': 'Alviina Alamets√§', 'id': '888960558'}]",,,,
1542607402289471488,1542440102332342278,1656621239000.0,2022-06-30 22:33:59,200,,@alviinaalametsa @TeestaSetalvad Glad the situation in India is getting world-wide attention. The BJP are replicating the early years of the Nazi party - which was always predictable given that they are the political arm of the RSS (a Nazi-Hindutva militant organisation).,en,[],[],1347613889203212290,1347613889203212290,AkashD60789383,Akash D.,4,22,https://twitter.com/AkashD60789383/status/1542607402289471488,[],[],0,,False,0,0,0,,None,,,,,,,"[{'screen_name': 'alviinaalametsa', 'name': 'Alviina Alamets√§', 'id': '888960558'}, {'screen_name': 'TeestaSetalvad', 'name': 'Teesta Setalvad', 'id': '116372682'}]",,,,
1542607326087348224,1542440102332342278,1656621221000.0,2022-06-30 22:33:41,200,,"@alviinaalametsa @TeestaSetalvad Thanks but no thanks.   Her frauds are being investigated and will be decided by the court whether she's guilty or not, but no we do not need your  f King Agenda-rights preaching.",en,[],[],754770250361663488,754770250361663488,Prasenjit97m,Prasenjit Mandal,4,22,https://twitter.com/Prasenjit97m/status/1542607326087348224,[],[],0,,False,0,0,0,,None,,,,,,,"[{'screen_name': 'alviinaalametsa', 'name': 'Alviina Alamets√§', 'id': '888960558'}, {'screen_name': 'TeestaSetalvad', 'name': 'Teesta Setalvad', 'id': '116372682'}]",,,,
1542605752077918208,1542440102332342278,1656620846000.0,2022-06-30 22:27:26,200,,@alviinaalametsa @NainaRaathore @TeestaSetalvad üëèüèªüëèüèªüôè‚öòÔ∏è,und,[],[],51383729,51383729,sagni4,Sagni,4,22,https://twitter.com/sagni4/status/1542605752077918208,[],[],0,,False,0,0,0,,None,,,,,,,"[{'screen_name': 'alviinaalametsa', 'name': 'Alviina Alamets√§', 'id': '888960558'}, {'screen_name': 'NainaRaathore', 'name': 'üòá', 'id': '1275806206255194115'}, {'screen_name': 'TeestaSetalvad', 'name': 'Teesta Setalvad', 'id': '116372682'}]",,,,
1542601731770441728,1542440102332342278,1656619887000.0,2022-06-30 22:11:27,200,,@alviinaalametsa @TeestaSetalvad Sorry but you can do nothing üòÇüòÇüòÇüòÇ,en,[],[],1536271789310894080,1536271789310894080,K29237257Kumar,Pratik Kumar,4,22,https://twitter.com/K29237257Kumar/status/1542601731770441728,[],[],0,,False,0,0,0,,None,,,,,,,"[{'screen_name': 'alviinaalametsa', 'name': 'Alviina Alamets√§', 'id': '888960558'}, {'screen_name': 'TeestaSetalvad', 'name': 'Teesta Setalvad', 'id': '116372682'}]",,,,
1542600724844277760,1542440102332342278,1656619647000.0,2022-06-30 22:07:27,200,,@alviinaalametsa @TeestaSetalvad Ok lawadi,in,[],[],830640354,830640354,PunctureWalIa,PunctureWala,4,22,https://twitter.com/PunctureWalIa/status/1542600724844277760,[],[],0,,False,0,0,0,,None,,,,,,,"[{'screen_name': 'alviinaalametsa', 'name': 'Alviina Alamets√§', 'id': '888960558'}, {'screen_name': 'TeestaSetalvad', 'name': 'Teesta Setalvad', 'id': '116372682'}]",,,,
1542598235067273216,1542440102332342278,1656619053000.0,2022-06-30 21:57:33,200,,@alviinaalametsa @annavetticad @TeestaSetalvad If you understand Hindi... Jinke Ghar seeshe ke hote hai woh dusre ke ghar pathar nahi fhainkte..,de,[],[],1507287965302620160,1507287965302620160,kushluv28,deepak,4,21,https://twitter.com/kushluv28/status/1542598235067273216,[],[],0,,False,0,0,0,,None,,,,,,,"[{'screen_name': 'alviinaalametsa', 'name': 'Alviina Alamets√§', 'id': '888960558'}, {'screen_name': 'annavetticad', 'name': 'Anna MM Vetticad', 'id': '64526820'}, {'screen_name': 'TeestaSetalvad', 'name': 'Teesta Setalvad', 'id': '116372682'}]",,,,
1542597872310292481,1542440102332342278,1656618967000.0,2022-06-30 21:56:07,200,,@alviinaalametsa @TeestaSetalvad How much money have you received for this tweet? We know that You are just filling your pockets like Greta and Mia khalifa.,en,[],[],108362813,108362813,amit_zz,Amit M,4,21,https://twitter.com/amit_zz/status/1542597872310292481,[],[],0,,False,28,0,0,,None,,,,,,,"[{'screen_name': 'alviinaalametsa', 'name': 'Alviina Alamets√§', 'id': '888960558'}, {'screen_name': 'TeestaSetalvad', 'name': 'Teesta Setalvad', 'id': '116372682'}]",,,,
1542597295119540225,1542440102332342278,1656618829000.0,2022-06-30 21:53:49,200,,@alviinaalametsa @TeestaSetalvad For the sake of Nato membership Finland is withdrawing it's support to Kurdish people. üòÇüòÇ human rights,en,[],[],1163928972,1163928972,vforvishall,Vishal Mishra ‡§µ‡§ø‡§∂‡§æ‡§≤ üáÆüá≥,4,21,https://twitter.com/vforvishall/status/1542597295119540225,[],[],0,,False,0,0,0,,None,,,,,,,"[{'screen_name': 'alviinaalametsa', 'name': 'Alviina Alamets√§', 'id': '888960558'}, {'screen_name': 'TeestaSetalvad', 'name': 'Teesta Setalvad', 'id': '116372682'}]",,,,
1542596126469402624,1542440102332342278,1656618551000.0,2022-06-30 21:49:11,200,,@alviinaalametsa @TeestaSetalvad whoever you're Indian laws aren't bound by the EU. India is the biggest democracy in the world Nd we have a Judiciary to protect the rights of Indians.  Having said that there is no way criminals can use it to their advantage.  Sit down!,en,[],[],1452935090791583747,1452935090791583747,Sanatani_Thanos,Sinha_‡§∏‡§æ‡§π‡•á‡§¨,4,21,https://twitter.com/Sanatani_Thanos/status/1542596126469402624,[],[],0,,False,9,0,1,,None,,,,,,,"[{'screen_name': 'alviinaalametsa', 'name': 'Alviina Alamets√§', 'id': '888960558'}, {'screen_name': 'TeestaSetalvad', 'name': 'Teesta Setalvad', 'id': '116372682'}]",,,,
1542596110748770304,1542440102332342278,1656618547000.0,2022-06-30 21:49:07,200,,@alviinaalametsa @TeestaSetalvad  https://t.co/Orrdqm0dNB,qme,[],[],4429535653,4429535653,PappuAvakaya,PÃ¥aÃ¥pÃ¥pÃ¥uÃ¥AÃ¥vÃ¥aÃ¥kÃ¥aÃ¥yÃ¥aÃ¥ üïâÔ∏èüáÆüá≥,4,21,https://twitter.com/PappuAvakaya/status/1542596110748770304,['https://twitter.com/MrSinha_/status/1542201750832132096?t=0FkIkzDVpPnMkIKw3hnVkg&s=19'],[],0,,False,1,0,0,0.0,None,,,,,,,"[{'screen_name': 'alviinaalametsa', 'name': 'Alviina Alamets√§', 'id': '888960558'}, {'screen_name': 'TeestaSetalvad', 'name': 'Teesta Setalvad', 'id': '116372682'}]",,,,
1542596097255899140,1542440102332342278,1656618544000.0,2022-06-30 21:49:04,200,,@alviinaalametsa @TeestaSetalvad There are many journalists in prison in India &amp; minorities are facing what some call is genocide.,en,[],[],1315410060,1315410060,citizenNA,Naeem,4,21,https://twitter.com/citizenNA/status/1542596097255899140,[],[],0,,False,0,0,0,,None,,,,,,,"[{'screen_name': 'alviinaalametsa', 'name': 'Alviina Alamets√§', 'id': '888960558'}, {'screen_name': 'TeestaSetalvad', 'name': 'Teesta Setalvad', 'id': '116372682'}]",,,,
1542592929574916099,1542440102332342278,1656617789000.0,2022-06-30 21:36:29,200,,@alviinaalametsa @TeestaSetalvad The human rights situation in India has gone from bad to worse    https://t.co/Hc3hg4KHDZ,en,[],[],62245545,62245545,UnApologeticM1,IamSultan,4,21,https://twitter.com/UnApologeticM1/status/1542592929574916099,['https://www.hindustantimes.com/world-news/india-at-high-risk-of-mass-killings-warns-us-ambassador-for-religious-freedom-101656612865474.html'],[],0,,False,3,1,2,,None,,,,,,,"[{'screen_name': 'alviinaalametsa', 'name': 'Alviina Alamets√§', 'id': '888960558'}, {'screen_name': 'TeestaSetalvad', 'name': 'Teesta Setalvad', 'id': '116372682'}]",,,,
1542590899942789124,1542440102332342278,1656617305000.0,2022-06-30 21:28:25,200,,@alviinaalametsa @TeestaSetalvad Hope Finland gets scre*ed by Russia,en,[],[],3384923405,3384923405,dcemeterygirl,dcemeterygirl,4,21,https://twitter.com/dcemeterygirl/status/1542590899942789124,[],[],0,,False,0,0,0,,None,,,,,,,"[{'screen_name': 'alviinaalametsa', 'name': 'Alviina Alamets√§', 'id': '888960558'}, {'screen_name': 'TeestaSetalvad', 'name': 'Teesta Setalvad', 'id': '116372682'}]",,,,
1542590721601032193,1542440102332342278,1656617262000.0,2022-06-30 21:27:42,200,,@alviinaalametsa @VilleNiinisto @TeestaSetalvad Voi Alviina pit√§√§k√∂ eurooppalaisten kansojen puuttua toisten maitten ihmisoikeuksiinkin. Intia hoitaa omat asiansa eik√§ kuulu Eurooppaan,fi,[],[],1362358347580727300,1362358347580727300,EjaWiese,Eja Wiese,4,21,https://twitter.com/EjaWiese/status/1542590721601032193,[],[],0,,False,0,0,0,,None,,,,,,,"[{'screen_name': 'alviinaalametsa', 'name': 'Alviina Alamets√§', 'id': '888960558'}, {'screen_name': 'VilleNiinisto', 'name': 'Ville Niinist√∂', 'id': '333954467'}, {'screen_name': 'TeestaSetalvad', 'name': 'Teesta Setalvad', 'id': '116372682'}]",,,,
1542590491358679040,1542440102332342278,1656617207000.0,2022-06-30 21:26:47,200,,@alviinaalametsa @sagarikaghose @TeestaSetalvad Mera ‚ô•Ô∏èda  https://t.co/JiHb0e99g1,es,[],[],939820748549505024,939820748549505024,niranjan_shaha,Naren d souza,4,21,https://twitter.com/niranjan_shaha/status/1542590491358679040,[],['https://pbs.twimg.com/media/FWhh3v5agAAR5qz.jpg'],1,https://pbs.twimg.com/media/FWhh3v5agAAR5qz.jpg,False,0,0,0,,None,,,,,,,"[{'screen_name': 'alviinaalametsa', 'name': 'Alviina Alamets√§', 'id': '888960558'}, {'screen_name': 'sagarikaghose', 'name': 'Sagarika Ghose', 'id': '56312411'}, {'screen_name': 'TeestaSetalvad', 'name': 'Teesta Setalvad', 'id': '116372682'}]",,,,
1542589451725053953,1542440102332342278,1656616959000.0,2022-06-30 21:22:39,200,,@alviinaalametsa @annavetticad @TeestaSetalvad Remuneration received. ü§£ü§£ü§£  https://t.co/WQaFQCLWG4,en,[],[],901522765165072385,901522765165072385,VikramBarhat,Gems of Touchwood ‚ùº Ó®Ä,4,21,https://twitter.com/VikramBarhat/status/1542589451725053953,[],['https://pbs.twimg.com/tweet_video_thumb/FWhg7Y9WYAIxSyO.jpg'],1,https://pbs.twimg.com/tweet_video_thumb/FWhg7Y9WYAIxSyO.jpg,False,0,0,0,,None,,,,,,,"[{'screen_name': 'alviinaalametsa', 'name': 'Alviina Alamets√§', 'id': '888960558'}, {'screen_name': 'annavetticad', 'name': 'Anna MM Vetticad', 'id': '64526820'}, {'screen_name': 'TeestaSetalvad', 'name': 'Teesta Setalvad', 'id': '116372682'}]",,,,
1542588484304510976,1542440102332342278,1656616729000.0,2022-06-30 21:18:49,200,,"@alviinaalametsa @TeestaSetalvad Finland is the same country where you people burn and tear Quran for nothing, isn't it?  Learn to respect the religions in your own country first, come with clean hands useless noob woman.  Allah Hu Akbar!! üëç",en,[],[],98121681,98121681,abhiawakes,Abhishek,4,21,https://twitter.com/abhiawakes/status/1542588484304510976,[],[],0,,False,0,0,0,,None,,,,,,,"[{'screen_name': 'alviinaalametsa', 'name': 'Alviina Alamets√§', 'id': '888960558'}, {'screen_name': 'TeestaSetalvad', 'name': 'Teesta Setalvad', 'id': '116372682'}]",,,,
1542586060244500483,1542440102332342278,1656616151000.0,2022-06-30 21:09:11,200,,"@alviinaalametsa @TeestaSetalvad What hypocrisy! Not one tweet on your own Europe's #MelillaMassacre, and you lecture India. Shame on fake propagandist human-right protectors like you. And shame on your parliament. The differential treatment of refugees from #Ukrain and #Africa says a lot about you peopleü§¨",en,"['melillamassacre', 'ukrain', 'africa']",[],1519449881286479875,1519449881286479875,yubhiarnasa,Yubhiarnasa Kavabrigrata,4,21,https://twitter.com/yubhiarnasa/status/1542586060244500483,[],[],0,,False,0,0,0,,None,,,,,,,"[{'screen_name': 'alviinaalametsa', 'name': 'Alviina Alamets√§', 'id': '888960558'}, {'screen_name': 'TeestaSetalvad', 'name': 'Teesta Setalvad', 'id': '116372682'}]",,,,
1542583280314236931,1542440102332342278,1656615488000.0,2022-06-30 20:58:08,200,,@alviinaalametsa Who r you?  Chal bosdiki,en,[],[],793736563289100288,793736563289100288,kirudevadiga,Kiran moily,4,20,https://twitter.com/kirudevadiga/status/1542583280314236931,[],[],0,,False,0,0,0,,None,,,,,,,"[{'screen_name': 'alviinaalametsa', 'name': 'Alviina Alamets√§', 'id': '888960558'}]",,,,
1542580864185380864,1542440102332342278,1656614912000.0,2022-06-30 20:48:32,200,,@alviinaalametsa @TeestaSetalvad  https://t.co/Vv5FTjzV0N,qme,[],[],1385989090441498625,1385989090441498625,Nishwins1,Nishwins,4,20,https://twitter.com/Nishwins1/status/1542580864185380864,[],['https://pbs.twimg.com/tweet_video_thumb/FWhZHQvUYAAeUG-.jpg'],1,https://pbs.twimg.com/tweet_video_thumb/FWhZHQvUYAAeUG-.jpg,False,0,0,0,,None,,,,,,,"[{'screen_name': 'alviinaalametsa', 'name': 'Alviina Alamets√§', 'id': '888960558'}]",,,,
1542579030079066112,1542440102332342278,1656614475000.0,2022-06-30 20:41:15,200,,@alviinaalametsa @TeestaSetalvad Racist EU...white supermacist abusing indian.,en,[],[],1354024475466100736,1354024475466100736,Ravi13656680,R‚Ç¨B‚Ç¨¬£‚ò†Ô∏è‚ò†Ô∏è‚ò†Ô∏è,4,20,https://twitter.com/Ravi13656680/status/1542579030079066112,[],[],0,,False,0,0,0,,None,,,,,,,"[{'screen_name': 'alviinaalametsa', 'name': 'Alviina Alamets√§', 'id': '888960558'}, {'screen_name': 'TeestaSetalvad', 'name': 'Teesta Setalvad', 'id': '116372682'}]",,,,
1542578446173437954,1542440102332342278,1656614335000.0,2022-06-30 20:38:55,200,,"@alviinaalametsa @TeestaSetalvad Don‚Äôt know whether your country have independence judiciary or not, but India have robust Judiciary system and they will take care.",en,[],[],1263952440107425795,1263952440107425795,vedalasrinivas2,vedalasrinivasan üáÆüá≥,4,20,https://twitter.com/vedalasrinivas2/status/1542578446173437954,[],[],0,,False,0,0,0,,None,,,,,,,"[{'screen_name': 'alviinaalametsa', 'name': 'Alviina Alamets√§', 'id': '888960558'}, {'screen_name': 'TeestaSetalvad', 'name': 'Teesta Setalvad', 'id': '116372682'}]",,,,
1542576598209425408,1542440102332342278,1656613895000.0,2022-06-30 20:31:35,200,,@alviinaalametsa @AudreyTruschke @TeestaSetalvad Don't need you. We are capable enough to sustain and thrive. Go and handle your country affairs first.,en,[],[],1171359856202268672,1171359856202268672,Saurabh28193227,saurabh,4,20,https://twitter.com/Saurabh28193227/status/1542576598209425408,[],[],0,,False,0,0,0,,None,,,,,,,"[{'screen_name': 'alviinaalametsa', 'name': 'Alviina Alamets√§', 'id': '888960558'}, {'screen_name': 'AudreyTruschke', 'name': 'Dr. Audrey Truschke', 'id': '200737738'}, {'screen_name': 'TeestaSetalvad', 'name': 'Teesta Setalvad', 'id': '116372682'}]",,,,
1542576389207265280,1542440102332342278,1656613845000.0,2022-06-30 20:30:45,200,,@alviinaalametsa @TeestaSetalvad Why the hell should someone like you interfere into our matters.. Just Stay away‚Ä¶ India is a democratic country and it shall take care of its internal matters .. Pls get your job right and stop interfering .,en,[],[],1105076571998543873,1105076571998543873,MohanKumarL11,Mohan Kumar L,4,20,https://twitter.com/MohanKumarL11/status/1542576389207265280,[],[],0,,False,0,0,0,,None,,,,,,,"[{'screen_name': 'alviinaalametsa', 'name': 'Alviina Alamets√§', 'id': '888960558'}, {'screen_name': 'TeestaSetalvad', 'name': 'Teesta Setalvad', 'id': '116372682'}]",,,,
1542576089821839363,1542440102332342278,1656613774000.0,2022-06-30 20:29:34,200,,"@alviinaalametsa @TeestaSetalvad At your first line, i thought finally someone speak about Hindus been beheaded/tortured by a special community..   how itcan be... then i read whole tweet  a liberal like U... leftist bigot will only support a Fake/corrupt",en,[],[],822383047534219264,822383047534219264,RoshniVSingh,Roshni V Singh,4,20,https://twitter.com/RoshniVSingh/status/1542576089821839363,[],[],0,,False,0,0,0,,None,,,,,,,"[{'screen_name': 'alviinaalametsa', 'name': 'Alviina Alamets√§', 'id': '888960558'}, {'screen_name': 'TeestaSetalvad', 'name': 'Teesta Setalvad', 'id': '116372682'}]",,,,
1542575583305113600,1542440102332342278,1656613653000.0,2022-06-30 20:27:33,200,,@alviinaalametsa @TeestaSetalvad Tumhe kisane chheda?,hi,[],[],700390286,700390286,chhatra_pal,Verma Chhatra Pal,4,20,https://twitter.com/chhatra_pal/status/1542575583305113600,[],[],0,,False,0,0,0,,None,,,,,,,"[{'screen_name': 'alviinaalametsa', 'name': 'Alviina Alamets√§', 'id': '888960558'}, {'screen_name': 'TeestaSetalvad', 'name': 'Teesta Setalvad', 'id': '116372682'}]",,,,
1542575562769977344,1542440102332342278,1656613648000.0,2022-06-30 20:27:28,200,,@alviinaalametsa @TeestaSetalvad Nikal ‚ù§Ô∏èdi. Stop interference in our Internal affairs . Focus on Europe which is f*ucked by Russia.,en,[],[],1485464855402332163,1485464855402332163,SanatanForce,Creative Guy,4,20,https://twitter.com/SanatanForce/status/1542575562769977344,[],[],0,,False,0,0,0,,None,,,,,,,"[{'screen_name': 'alviinaalametsa', 'name': 'Alviina Alamets√§', 'id': '888960558'}, {'screen_name': 'TeestaSetalvad', 'name': 'Teesta Setalvad', 'id': '116372682'}]",,,,
1542575500505165825,1542440102332342278,1656613633000.0,2022-06-30 20:27:13,200,,@alviinaalametsa @TeestaSetalvad To hell with ur sadism... Do u have the guts to talk about #KanhaiyalalTeli ..? Get lost,en,['kanhaiyalalteli'],[],1693504338,1693504338,Pr0_Mahesh,mahesh challa,4,20,https://twitter.com/Pr0_Mahesh/status/1542575500505165825,[],[],0,,False,0,0,0,,None,,,,,,,"[{'screen_name': 'alviinaalametsa', 'name': 'Alviina Alamets√§', 'id': '888960558'}, {'screen_name': 'TeestaSetalvad', 'name': 'Teesta Setalvad', 'id': '116372682'}]",,,,
1542575411854733312,1542440102332342278,1656613612000.0,2022-06-30 20:26:52,200,,@alviinaalametsa @TeestaSetalvad Its a sustained pogrom with no end in sight...darker days ahead...,en,[],[],1273616152388726789,1273616152388726789,EloHaii,Elo Haii,4,20,https://twitter.com/EloHaii/status/1542575411854733312,[],[],0,,False,0,0,0,,None,,,,,,,"[{'screen_name': 'alviinaalametsa', 'name': 'Alviina Alamets√§', 'id': '888960558'}, {'screen_name': 'TeestaSetalvad', 'name': 'Teesta Setalvad', 'id': '116372682'}]",,,,
1543349815764848640,1542440102332342278,1656798244000.0,2022-07-02 23:44:04,200,,@alviinaalametsa @TeestaSetalvad Do u think anyone gives a flying f$$@?,en,[],[],1513030363173564420,1513030363173564420,DarsakaMuka,‡§Æ‡•Ç‡§ï ‡§¶‡§∞‡•ç‡§∂‡§ï,6,23,https://twitter.com/DarsakaMuka/status/1543349815764848640,[],[],0,,False,0,0,0,,None,,,,,,,"[{'screen_name': 'alviinaalametsa', 'name': 'Alviina Alamets√§', 'id': '888960558'}, {'screen_name': 'TeestaSetalvad', 'name': 'Teesta Setalvad', 'id': '116372682'}]",,,,
1543337463623471104,1542440102332342278,1656795299000.0,2022-07-02 22:54:59,200,,@alviinaalametsa @TeestaSetalvad Do you think Finland can screw up India like they screwed up SriLanka by supporting &amp; arming LTTE.,en,[],[],866270838391099392,866270838391099392,vasudev12498056,His Holiness Sadguru Sri Sri Rasputin Baba,6,22,https://twitter.com/vasudev12498056/status/1543337463623471104,[],[],0,,False,5,2,0,,None,,,,,,,"[{'screen_name': 'alviinaalametsa', 'name': 'Alviina Alamets√§', 'id': '888960558'}, {'screen_name': 'TeestaSetalvad', 'name': 'Teesta Setalvad', 'id': '116372682'}]",,,,
1543335537557192704,1542440102332342278,1656794840000.0,2022-07-02 22:47:20,200,,@alviinaalametsa @TeestaSetalvad Only if @miakhalifa condemns this we can consider further on @TeestaSetalvad. We don't know who you are &amp; has no locus standii in Indian matters.,en,[],[],866270838391099392,866270838391099392,vasudev12498056,His Holiness Sadguru Sri Sri Rasputin Baba,6,22,https://twitter.com/vasudev12498056/status/1543335537557192704,[],[],0,,False,5,0,0,,None,,,,,,,"[{'screen_name': 'alviinaalametsa', 'name': 'Alviina Alamets√§', 'id': '888960558'}, {'screen_name': 'TeestaSetalvad', 'name': 'Teesta Setalvad', 'id': '116372682'}]",,,,
1543268988373069824,1542440102332342278,1656778974000.0,2022-07-02 18:22:54,200,,@alviinaalametsa @TeestaSetalvad Mind your own business. We will decide what is best for our country. Look into your backyards instead of feeling sorry about us. You will get wiped out by the cancer you are importing - you don't even have 10 years!  Your populations are declining &amp; they multiply like rabbits!,en,[],[],195227015,195227015,vinaya_pai,Vinaya Pai üáÆüá≥ Jai Shree Krishna üôè,6,18,https://twitter.com/vinaya_pai/status/1543268988373069824,[],[],0,,False,4,0,0,,None,,,,,,,"[{'screen_name': 'alviinaalametsa', 'name': 'Alviina Alamets√§', 'id': '888960558'}, {'screen_name': 'TeestaSetalvad', 'name': 'Teesta Setalvad', 'id': '116372682'}]",,,,
1543261961630228482,1542440102332342278,1656777298000.0,2022-07-02 17:54:58,200,,@alviinaalametsa @TeestaSetalvad Keep your opinions and crocodile tears with you. She is in jail for a reason. If we need your advice we will surely consult with you.,en,[],[],775410006,775410006,spandakarika108,Maurya.,6,17,https://twitter.com/spandakarika108/status/1543261961630228482,[],[],0,,False,0,0,0,,None,,,,,,,"[{'screen_name': 'alviinaalametsa', 'name': 'Alviina Alamets√§', 'id': '888960558'}, {'screen_name': 'TeestaSetalvad', 'name': 'Teesta Setalvad', 'id': '116372682'}]",,,,
1543255177062674433,1542440102332342278,1656775681000.0,2022-07-02 17:28:01,200,,@alviinaalametsa @TeestaSetalvad Hey What about Chinas record?Why dont u ask that china must commit to the protection human rights? Why pick only India?,en,[],[],1460594230879940609,1460594230879940609,BGSubhash3,B G Subhash,6,17,https://twitter.com/BGSubhash3/status/1543255177062674433,[],[],0,,False,0,0,0,,None,,,,,,,"[{'screen_name': 'alviinaalametsa', 'name': 'Alviina Alamets√§', 'id': '888960558'}, {'screen_name': 'TeestaSetalvad', 'name': 'Teesta Setalvad', 'id': '116372682'}]",,,,
1543253890216341504,1542440102332342278,1656775374000.0,2022-07-02 17:22:54,200,,"@alviinaalametsa @TeestaSetalvad Then, let's forget the cooperation. There is simply no need for that.",en,[],[],1322264771677220864,1322264771677220864,nameshakehe,Hello,6,17,https://twitter.com/nameshakehe/status/1543253890216341504,[],[],0,,False,0,0,0,,None,,,,,,,"[{'screen_name': 'alviinaalametsa', 'name': 'Alviina Alamets√§', 'id': '888960558'}, {'screen_name': 'TeestaSetalvad', 'name': 'Teesta Setalvad', 'id': '116372682'}]",,,,
1543237670293237760,1542440102332342278,1656771507000.0,2022-07-02 16:18:27,200,,"@alviinaalametsa @TeestaSetalvad Aaaawwwww it's so cute that you are saddened. Stop interfering in other countries and you won't be sad.  In any case, India neither cares for your propaganda nor for your support of a criminal who has forged documents and committed perjury.",en,[],[],273766075,273766075,tellitaly,Tellit Likeitis üáÆüá≥ üö©,6,16,https://twitter.com/tellitaly/status/1543237670293237760,[],[],0,,False,0,0,0,,None,,,,,,,"[{'screen_name': 'alviinaalametsa', 'name': 'Alviina Alamets√§', 'id': '888960558'}, {'screen_name': 'TeestaSetalvad', 'name': 'Teesta Setalvad', 'id': '116372682'}]",,,,
1543234460799229952,1542440102332342278,1656770742000.0,2022-07-02 16:05:42,200,,@alviinaalametsa @TeestaSetalvad Absurdity limitless. EU has no courage to ask OIC to review their stand on aggressive postures by some of them against other faiths. Can EU pass a resolution that EVERY1 has freedom to follow their faith n none should hurt others' faith?,en,[],[],181519854,181519854,pairamblr,ram mohan,6,16,https://twitter.com/pairamblr/status/1543234460799229952,[],[],0,,False,2,0,0,,None,,,,,,,"[{'screen_name': 'alviinaalametsa', 'name': 'Alviina Alamets√§', 'id': '888960558'}, {'screen_name': 'TeestaSetalvad', 'name': 'Teesta Setalvad', 'id': '116372682'}]",,,,
1543232932399104000,1542440102332342278,1656770377000.0,2022-07-02 15:59:37,200,,@alviinaalametsa @TeestaSetalvad Another saint in market.  https://t.co/paYbsL4WFg,en,[],[],149488266,149488266,vijay1440,Vijay,6,15,https://twitter.com/vijay1440/status/1543232932399104000,[],['https://pbs.twimg.com/tweet_video_thumb/FWqqK8EaUAANoMT.jpg'],1,https://pbs.twimg.com/tweet_video_thumb/FWqqK8EaUAANoMT.jpg,False,0,0,0,,None,,,,,,,"[{'screen_name': 'alviinaalametsa', 'name': 'Alviina Alamets√§', 'id': '888960558'}, {'screen_name': 'TeestaSetalvad', 'name': 'Teesta Setalvad', 'id': '116372682'}]",,,,
1543232465866821633,1542440102332342278,1656770266000.0,2022-07-02 15:57:46,200,,@alviinaalametsa What is your expert opinion on Julian Assange? @UshaNirmala,en,[],[],1918641206,1918641206,ambar_dave,Ambar,6,15,https://twitter.com/ambar_dave/status/1543232465866821633,[],[],0,,False,0,0,0,,None,,,,,,,"[{'screen_name': 'alviinaalametsa', 'name': 'Alviina Alamets√§', 'id': '888960558'}]",,,,
1543232126996254720,1542440102332342278,1656770185000.0,2022-07-02 15:56:25,200,,"@alviinaalametsa @TeestaSetalvad Is it the latest fashion trend in west? All of a sudden India became fascist and west became saint. Is earth rotating normally? Seriously, madam, stop lies, bluff and nonsense; take a hike and move on to lie about some other country ( i know u won't set ur home anyway)",en,[],[],149488266,149488266,vijay1440,Vijay,6,15,https://twitter.com/vijay1440/status/1543232126996254720,[],[],0,,False,0,0,0,,None,,,,,,,"[{'screen_name': 'alviinaalametsa', 'name': 'Alviina Alamets√§', 'id': '888960558'}, {'screen_name': 'TeestaSetalvad', 'name': 'Teesta Setalvad', 'id': '116372682'}]",,,,
1543232039465340929,1542440102332342278,1656770164000.0,2022-07-02 15:56:04,200,,@alviinaalametsa @TeestaSetalvad Mind ur own business. EU is a mess,en,[],[],1102446538549157888,1102446538549157888,sanjuktaroyvai1,sanjuktaroyvaidya ‡§∏‡§Ç‡§Ø‡•Å‡§ï‡•ç‡§§‡§æ ‡§∞‡§æ‡§Ø ‡§µ‡•à‡§¶‡•ç‡§Ø‡§æ,6,15,https://twitter.com/sanjuktaroyvai1/status/1543232039465340929,[],[],0,,False,0,0,0,,None,,,,,,,"[{'screen_name': 'alviinaalametsa', 'name': 'Alviina Alamets√§', 'id': '888960558'}, {'screen_name': 'TeestaSetalvad', 'name': 'Teesta Setalvad', 'id': '116372682'}]",,,,
1543230960191188998,1542440102332342278,1656769907000.0,2022-07-02 15:51:47,200,,@alviinaalametsa @TeestaSetalvad Don't white's plan us...get rid of colonial mentality and finally GTFO and mind your business,en,[],[],1431278349112860678,1431278349112860678,striive_4_futrr,Prince Woke Liberal üåà üè≥Ô∏è‚Äçüåà,6,15,https://twitter.com/striive_4_futrr/status/1543230960191188998,[],[],0,,False,0,0,0,,None,,,,,,,"[{'screen_name': 'alviinaalametsa', 'name': 'Alviina Alamets√§', 'id': '888960558'}, {'screen_name': 'TeestaSetalvad', 'name': 'Teesta Setalvad', 'id': '116372682'}]",,,,
1543230669073022977,1542440102332342278,1656769838000.0,2022-07-02 15:50:38,200,,@alviinaalametsa @TeestaSetalvad Your statements are unwarranted  https://t.co/uPJcear5DB,en,[],[],1222530950019481601,1222530950019481601,tbothernot,‚ôè üáÆüá≥,6,15,https://twitter.com/tbothernot/status/1543230669073022977,[],['https://pbs.twimg.com/media/FWqoDSkX0AIpCGs.jpg'],1,https://pbs.twimg.com/media/FWqoDSkX0AIpCGs.jpg,False,4,0,0,,None,,,,,,,"[{'screen_name': 'alviinaalametsa', 'name': 'Alviina Alamets√§', 'id': '888960558'}, {'screen_name': 'TeestaSetalvad', 'name': 'Teesta Setalvad', 'id': '116372682'}]",,,,
1543230432971345921,1542440102332342278,1656769781000.0,2022-07-02 15:49:41,200,,@alviinaalametsa @TeestaSetalvad Mind you own business,en,[],[],214821232,214821232,jayyerra,Jayram YerraüáÆüá≥,6,15,https://twitter.com/jayyerra/status/1543230432971345921,[],[],0,,False,0,0,0,,None,,,,,,,"[{'screen_name': 'alviinaalametsa', 'name': 'Alviina Alamets√§', 'id': '888960558'}, {'screen_name': 'TeestaSetalvad', 'name': 'Teesta Setalvad', 'id': '116372682'}]",,,,
1543226939220971520,1542440102332342278,1656768948000.0,2022-07-02 15:35:48,200,,"@alviinaalametsa @TeestaSetalvad We have no such plans to build up better relations from the selective minded people You know nothing about the things going on, so mind your business It can't be possible that the criminals here can be spared just for being the so called cheap ""activists, workers of human rights""",en,[],[],1460626096265711625,1460626096265711625,vt82878,Vishal TiwariüáÆüá≥,6,15,https://twitter.com/vt82878/status/1543226939220971520,[],[],0,,False,0,0,0,,None,,,,,,,"[{'screen_name': 'alviinaalametsa', 'name': 'Alviina Alamets√§', 'id': '888960558'}, {'screen_name': 'TeestaSetalvad', 'name': 'Teesta Setalvad', 'id': '116372682'}]",,,,
1543135891144658944,1542440102332342278,1656747241000.0,2022-07-02 09:34:01,200,,"@alviinaalametsa @TeestaSetalvad Tag @narendramodi and @AmitShah in your posts, they are the responsible for this increasing hate in India.",en,[],[],1520672812301660161,1520672812301660161,StrawhatKaptaan,Kaptaan_Strawhat,6,9,https://twitter.com/StrawhatKaptaan/status/1543135891144658944,[],[],0,,False,0,0,0,,None,,,,,,,"[{'screen_name': 'alviinaalametsa', 'name': 'Alviina Alamets√§', 'id': '888960558'}, {'screen_name': 'TeestaSetalvad', 'name': 'Teesta Setalvad', 'id': '116372682'}]",,,,
1543097089797672961,1542440102332342278,1656737990000.0,2022-07-02 06:59:50,200,,@alviinaalametsa @TeestaSetalvad Learn some basic facts of the case.,en,[],[],131518468,131518468,Chaiths_R,"Overspeeding = Crime, bigger crime.",6,6,https://twitter.com/Chaiths_R/status/1543097089797672961,[],[],0,,False,0,0,0,,None,,,,,,,"[{'screen_name': 'alviinaalametsa', 'name': 'Alviina Alamets√§', 'id': '888960558'}, {'screen_name': 'TeestaSetalvad', 'name': 'Teesta Setalvad', 'id': '116372682'}]",,,,
1543067512153092096,1542440102332342278,1656730938000.0,2022-07-02 05:02:18,200,,"@alviinaalametsa @TeestaSetalvad Why don't you people see human rights violations happening daily in Pakistan, Afghanistan, China.  Why don't you raise your voice on this subject?  After all, what is the matter of  interest in India?  How long will you live in this dual mindset in the name of human rights?",en,[],[],260688270,260688270,rajeshvastu,rajesh sharma,6,5,https://twitter.com/rajeshvastu/status/1543067512153092096,[],[],0,,False,0,0,0,,None,,,,,,,"[{'screen_name': 'alviinaalametsa', 'name': 'Alviina Alamets√§', 'id': '888960558'}, {'screen_name': 'TeestaSetalvad', 'name': 'Teesta Setalvad', 'id': '116372682'}]",,,,
1543066631080800258,1542440102332342278,1656730728000.0,2022-07-02 04:58:48,200,,"@alviinaalametsa @TeestaSetalvad Do you know about her in detail?  What should be the meaning of supporting one who brings political instability in a country?  Who gave you the right to interfere in the internal affairs of a country, that too without detailed information.",en,[],[],260688270,260688270,rajeshvastu,rajesh sharma,6,4,https://twitter.com/rajeshvastu/status/1543066631080800258,[],[],0,,False,0,0,0,,None,,,,,,,"[{'screen_name': 'alviinaalametsa', 'name': 'Alviina Alamets√§', 'id': '888960558'}, {'screen_name': 'TeestaSetalvad', 'name': 'Teesta Setalvad', 'id': '116372682'}]",,,,
1543060465815027713,1542440102332342278,1656729258000.0,2022-07-02 04:34:18,200,,@alviinaalametsa @TeestaSetalvad Get your eyes tested and brain checked. You seem to be colour blind suffering from selective dementia.,en,[],[],2343659334,2343659334,Parthabolt,Prof Parthasarathi,6,4,https://twitter.com/Parthabolt/status/1543060465815027713,[],[],0,,False,0,0,0,,None,,,,,,,"[{'screen_name': 'alviinaalametsa', 'name': 'Alviina Alamets√§', 'id': '888960558'}, {'screen_name': 'TeestaSetalvad', 'name': 'Teesta Setalvad', 'id': '116372682'}]",,,,
1543669921082908672,1542440102332342278,1656874563000.0,2022-07-03 20:56:03,200,,@alviinaalametsa RUBBISH   You are supporting someone who is proved guilty by the court driven investigation. This speaks volumes about yourself and the kind of people you connect.,en,[],[],779240994923352065,779240994923352065,roshovani,Rohit,7,20,https://twitter.com/roshovani/status/1543669921082908672,[],[],0,,False,1,0,0,,None,,,,,,,"[{'screen_name': 'alviinaalametsa', 'name': 'Alviina Alamets√§', 'id': '888960558'}]",,,,
1543655192801017856,1542440102332342278,1656871052000.0,2022-07-03 19:57:32,200,,"@alviinaalametsa @TeestaSetalvad Thank you for taking cognizance of the worsening situation in India. The only way that things can be stopped from worsening further, if not improved, is if responsible legislators from fellow democratic countries highlight the abuses and demand accountability from the Indian govt",en,[],[],2277319526,2277319526,purangmehta,Purang Mehta,7,19,https://twitter.com/purangmehta/status/1543655192801017856,[],[],0,,False,0,0,0,,None,,,,,,,"[{'screen_name': 'alviinaalametsa', 'name': 'Alviina Alamets√§', 'id': '888960558'}, {'screen_name': 'TeestaSetalvad', 'name': 'Teesta Setalvad', 'id': '116372682'}]",,,,
1543632565709717504,1542440102332342278,1656865657000.0,2022-07-03 18:27:37,200,,@alviinaalametsa @TeestaSetalvad  https://t.co/lyopCQgo6E,qme,[],[],1260195841,1260195841,tarunlalan,Tarun Lalan,7,18,https://twitter.com/tarunlalan/status/1543632565709717504,['https://twitter.com/vijaygajera/status/1543516153309306881?t=D7F0h81MFvNn96di9mxNPQ&s=19'],[],0,,False,1,0,1,https://twitter.com/vijaygajera/status/1543516153309306881?t=D7F0h81MFvNn96di9mxNPQ&s=19,None,,,,,,,"[{'screen_name': 'alviinaalametsa', 'name': 'Alviina Alamets√§', 'id': '888960558'}, {'screen_name': 'TeestaSetalvad', 'name': 'Teesta Setalvad', 'id': '116372682'}]",,,,
1543627573049327616,1542440102332342278,1656864467000.0,2022-07-03 18:07:47,200,,@alviinaalametsa @TeestaSetalvad  https://t.co/QfK8V3eRSQ,qme,[],[],1260195841,1260195841,tarunlalan,Tarun Lalan,7,18,https://twitter.com/tarunlalan/status/1543627573049327616,['https://twitter.com/OpIndia_com/status/1543567732842516482?t=pgpC3lVAYra_lM0GomHLPQ&s=19'],[],0,,False,1,0,0,https://twitter.com/OpIndia_com/status/1543567732842516482?t=pgpC3lVAYra_lM0GomHLPQ&s=19,None,,,,,,,"[{'screen_name': 'alviinaalametsa', 'name': 'Alviina Alamets√§', 'id': '888960558'}, {'screen_name': 'TeestaSetalvad', 'name': 'Teesta Setalvad', 'id': '116372682'}]",,,,
1543605756628385794,1542440102332342278,1656859265000.0,2022-07-03 16:41:05,200,,"@alviinaalametsa @Dipdil @TeestaSetalvad Kanhaiyalal, umesh kolhe, yash rastogi, nikita tomar, kishan bharwad, anurag poddar, rupesh pandey are some hindus killed by jehadis. Read their story as primer for ""whats happening in india"".",en,[],[],1243879450535698433,1243879450535698433,HimanilP,Himanil pandya,7,16,https://twitter.com/HimanilP/status/1543605756628385794,[],[],0,,False,1,1,0,,None,,,,,,,"[{'screen_name': 'alviinaalametsa', 'name': 'Alviina Alamets√§', 'id': '888960558'}, {'screen_name': 'Dipdil', 'name': 'Dipiya Dilawari', 'id': '111112372'}, {'screen_name': 'TeestaSetalvad', 'name': 'Teesta Setalvad', 'id': '116372682'}]",,,,
1543582465612468225,1542440102332342278,1656853712000.0,2022-07-03 15:08:32,200,,@alviinaalametsa @TeestaSetalvad  https://t.co/9tm45otJOc,qme,[],[],53381364,53381364,ashwinnagar,Ashwin Nagar / ‡§Ö‡§∂‡•ç‡§µ‡§ø‡§® ‡§®‡§æ‡§ó‡§∞ ‚ùÅ‚Äè,7,15,https://twitter.com/ashwinnagar/status/1543582465612468225,['https://twitter.com/ashwinnagar/status/1543262656270077956?s=20&t=LQjWF7MLEO-hbq2hyj6obQ'],[],0,,False,2,0,0,https://twitter.com/ashwinnagar/status/1543262656270077956?s=20&t=LQjWF7MLEO-hbq2hyj6obQ,None,,,,,,,"[{'screen_name': 'alviinaalametsa', 'name': 'Alviina Alamets√§', 'id': '888960558'}, {'screen_name': 'TeestaSetalvad', 'name': 'Teesta Setalvad', 'id': '116372682'}]",,,,
1543581547206283264,1542440102332342278,1656853493000.0,2022-07-03 15:04:53,200,,@alviinaalametsa @TeestaSetalvad Do you people act like mor0n or are you really a mor0n? Delving deep into the case and knowing the truth will not suit your propaganda that‚Äôs why you are defeacating by your mouth. Rest assured we don‚Äôt give a damn to mor0ns like you. Happy crying! You will get more opportunities,en,[],[],1433222022792814592,1433222022792814592,DocUnapologetic,The Unapologetic Indian,7,15,https://twitter.com/DocUnapologetic/status/1543581547206283264,[],[],0,,False,0,0,0,,None,,,,,,,"[{'screen_name': 'alviinaalametsa', 'name': 'Alviina Alamets√§', 'id': '888960558'}, {'screen_name': 'TeestaSetalvad', 'name': 'Teesta Setalvad', 'id': '116372682'}]",,,,
1543543665712574464,1542440102332342278,1656844462000.0,2022-07-03 12:34:22,200,,"@alviinaalametsa @TeestaSetalvad Meanwhile in India,bin the last fortnight  https://t.co/0dmGVGRCv4  https://t.co/GpEVMg1gQV  https://t.co/22rXkfBvZ9",en,[],[],1378507306837544963,1378507306837544963,Ksharkhowa,‡¶ñ‡¶æ‡ß∞‡¶ñ‡ßã‡ß±‡¶æ,7,12,https://twitter.com/Ksharkhowa/status/1543543665712574464,"['https://twitter.com/ANI/status/1543193910205640705?s=20&t=1IW8NsN3N72is021r1hm6A', 'https://twitter.com/riaa0riaa/status/1541761614080114689?s=20&t=1IW8NsN3N72is021r1hm6A', 'https://twitter.com/AMIT_GUJJU/status/1541783688568242176?s=20&t=1IW8NsN3N72is021r1hm6A']",[],0,,False,0,0,0,https://twitter.com/AMIT_GUJJU/status/1541783688568242176?s=20&t=1IW8NsN3N72is021r1hm6A,None,,,,,,,"[{'screen_name': 'alviinaalametsa', 'name': 'Alviina Alamets√§', 'id': '888960558'}, {'screen_name': 'TeestaSetalvad', 'name': 'Teesta Setalvad', 'id': '116372682'}]",,,,
1543541894961315840,1542440102332342278,1656844040000.0,2022-07-03 12:27:20,200,,@alviinaalametsa @TeestaSetalvad U may very well remain saddened - One neither knows u nor does one care two fcuks! Ms. TS has been found by SC to have indulged in serious infractions. She has been arrested to help get to the bottom of this mystery. Also on another note - it's actually none of ur bloody business,en,[],[],269327624,269327624,bhanuvarma007,Bhanu,7,12,https://twitter.com/bhanuvarma007/status/1543541894961315840,[],[],0,,False,0,0,0,,None,,,,,,,"[{'screen_name': 'alviinaalametsa', 'name': 'Alviina Alamets√§', 'id': '888960558'}, {'screen_name': 'TeestaSetalvad', 'name': 'Teesta Setalvad', 'id': '116372682'}]",,,,
1543531682258915328,1542440102332342278,1656841605000.0,2022-07-03 11:46:45,200,,@alviinaalametsa @TeestaSetalvad You all are part of same cabal funded by dubious means espousing shit when you don‚Äôt know a shit about what is happening in India,en,[],[],1161865927337496576,1161865927337496576,IndiaFirst2022,IndiaFirst üáÆüá≥,7,11,https://twitter.com/IndiaFirst2022/status/1543531682258915328,[],[],0,,False,0,0,0,,None,,,,,,,"[{'screen_name': 'alviinaalametsa', 'name': 'Alviina Alamets√§', 'id': '888960558'}, {'screen_name': 'TeestaSetalvad', 'name': 'Teesta Setalvad', 'id': '116372682'}]",,,,
1543527632901373952,1542440102332342278,1656840639000.0,2022-07-03 11:30:39,200,,@alviinaalametsa @TeestaSetalvad You will be more than saddened if you were here.  https://t.co/z3zWWx5QmD,en,[],[],1581952224,1581952224,khab33b,khabib_nurmagomedov,7,11,https://twitter.com/khab33b/status/1543527632901373952,['https://twitter.com/baaaader61/status/1536028083114893320?s=21'],[],0,,False,0,0,0,https://twitter.com/baaaader61/status/1536028083114893320?s=21,None,,,,,,,"[{'screen_name': 'alviinaalametsa', 'name': 'Alviina Alamets√§', 'id': '888960558'}, {'screen_name': 'TeestaSetalvad', 'name': 'Teesta Setalvad', 'id': '116372682'}]",,,,
1543515619936464898,1542440102332342278,1656837775000.0,2022-07-03 10:42:55,200,,@alviinaalametsa @TeestaSetalvad Just keep quiet and don‚Äôt try to interfere in my country‚Äôs issues. And by the way the Javed Saatalvad is habitual hate mongeror.,en,[],[],851636768696696837,851636768696696837,Indiaisoneonly,Bushan,7,10,https://twitter.com/Indiaisoneonly/status/1543515619936464898,[],[],0,,False,0,0,0,,None,,,,,,,"[{'screen_name': 'alviinaalametsa', 'name': 'Alviina Alamets√§', 'id': '888960558'}, {'screen_name': 'TeestaSetalvad', 'name': 'Teesta Setalvad', 'id': '116372682'}]",,,,
1543515557059629056,1542440102332342278,1656837760000.0,2022-07-03 10:42:40,200,,@alviinaalametsa @TeestaSetalvad Brave yourself! Get some ice cream and dark chocolate it‚Äôs gonna get worse for them!,en,[],[],992775191607492609,992775191607492609,zeero2Infinity,Sridhar Ravirajendran(Damodaran),7,10,https://twitter.com/zeero2Infinity/status/1543515557059629056,[],[],0,,False,5,0,0,,None,,,,,,,"[{'screen_name': 'alviinaalametsa', 'name': 'Alviina Alamets√§', 'id': '888960558'}, {'screen_name': 'TeestaSetalvad', 'name': 'Teesta Setalvad', 'id': '116372682'}]",,,,
1543510281745117185,1542440102332342278,1656836502000.0,2022-07-03 10:21:42,200,,"@alviinaalametsa @TeestaSetalvad Law of the land Is being practiced here . You paid , ignorant and biased people stay out of this. Please poke ur runny nose in matters of ur own country. Excuse INdia. For good.",en,[],[],1542353096658931712,1542353096658931712,TiwariJiKaSon,Mahesh Tiwari‚òÄÔ∏è,7,10,https://twitter.com/TiwariJiKaSon/status/1543510281745117185,[],[],0,,False,0,0,0,,None,,,,,,,"[{'screen_name': 'alviinaalametsa', 'name': 'Alviina Alamets√§', 'id': '888960558'}, {'screen_name': 'TeestaSetalvad', 'name': 'Teesta Setalvad', 'id': '116372682'}]",,,,
1543509016231305216,1542440102332342278,1656836201000.0,2022-07-03 10:16:41,200,,@alviinaalametsa @TeestaSetalvad FYI she is not a Xn.,en,[],[],1485912579495305221,1485912579495305221,naradauvacha2,Naradauvacha2,7,10,https://twitter.com/naradauvacha2/status/1543509016231305216,[],[],0,,False,0,0,0,,None,,,,,,,"[{'screen_name': 'alviinaalametsa', 'name': 'Alviina Alamets√§', 'id': '888960558'}, {'screen_name': 'TeestaSetalvad', 'name': 'Teesta Setalvad', 'id': '116372682'}]",,,,
1543490655162290177,1542440102332342278,1656831823000.0,2022-07-03 09:03:43,200,,"@alviinaalametsa @TeestaSetalvad When are you pressuring the USA and UK to release Julian Assange, you absolute hypocrite",en,[],[],952592911173996544,952592911173996544,YearOfTheKraken,Sensei Kraken Zero,7,9,https://twitter.com/YearOfTheKraken/status/1543490655162290177,[],[],0,,False,4,0,1,,None,,,,,,,"[{'screen_name': 'alviinaalametsa', 'name': 'Alviina Alamets√§', 'id': '888960558'}, {'screen_name': 'TeestaSetalvad', 'name': 'Teesta Setalvad', 'id': '116372682'}]",,,,
1543463622072213504,1542440102332342278,1656825378000.0,2022-07-03 07:16:18,200,,@alviinaalametsa @TeestaSetalvad No need for EU‚Äôs cooperation. India is doing fine. EU must focus on how it will protect its citizens this winter with no oil and a Big Woke Ego!,en,[],[],1430093987545698309,1430093987545698309,wokenbibi,Ameera,7,7,https://twitter.com/wokenbibi/status/1543463622072213504,[],[],0,,False,1,0,0,,None,,,,,,,"[{'screen_name': 'alviinaalametsa', 'name': 'Alviina Alamets√§', 'id': '888960558'}, {'screen_name': 'TeestaSetalvad', 'name': 'Teesta Setalvad', 'id': '116372682'}]",,,,
1543460458316722176,1542440102332342278,1656824624000.0,2022-07-03 07:03:44,200,,@alviinaalametsa @TeestaSetalvad Laughable.. Shut off.,en,[],[],1187203831823622145,1187203831823622145,roguepakjabi,JinnahKaJin,7,7,https://twitter.com/roguepakjabi/status/1543460458316722176,[],[],0,,False,0,0,0,,None,,,,,,,"[{'screen_name': 'alviinaalametsa', 'name': 'Alviina Alamets√§', 'id': '888960558'}, {'screen_name': 'TeestaSetalvad', 'name': 'Teesta Setalvad', 'id': '116372682'}]",,,,
1543459994229608449,1542440102332342278,1656824513000.0,2022-07-03 07:01:53,200,,@alviinaalametsa @TeestaSetalvad Who are you?,en,[],[],86547610,86547610,Sunishen,üáÆüá≥ Sunil Shenoy,7,7,https://twitter.com/Sunishen/status/1543459994229608449,[],[],0,,False,1,0,1,,None,,,,,,,"[{'screen_name': 'alviinaalametsa', 'name': 'Alviina Alamets√§', 'id': '888960558'}, {'screen_name': 'TeestaSetalvad', 'name': 'Teesta Setalvad', 'id': '116372682'}]",,,,
1543459891305517056,1542440102332342278,1656824488000.0,2022-07-03 07:01:28,200,,@alviinaalametsa @TeestaSetalvad Don't poke your nose in matters which is not urs...... Take care of your own country n people,en,[],[],135864191,135864191,ShekharrG,$om,7,7,https://twitter.com/ShekharrG/status/1543459891305517056,[],[],0,,False,8,0,3,,None,,,,,,,"[{'screen_name': 'alviinaalametsa', 'name': 'Alviina Alamets√§', 'id': '888960558'}, {'screen_name': 'TeestaSetalvad', 'name': 'Teesta Setalvad', 'id': '116372682'}]",,,,
1543879514526081024,1542440102332342278,1656924534000.0,2022-07-04 10:48:54,200,,@alviinaalametsa @TeestaSetalvad Why you are working about India? We are here to take care of our nation. We no need you.,en,[],[],149096774,149096774,tarunsharma005,Tarun Sharma,1,10,https://twitter.com/tarunsharma005/status/1543879514526081024,[],[],0,,False,1,0,0,,None,,,,,,,"[{'screen_name': 'alviinaalametsa', 'name': 'Alviina Alamets√§', 'id': '888960558'}, {'screen_name': 'TeestaSetalvad', 'name': 'Teesta Setalvad', 'id': '116372682'}]",,,,
1543859574070845440,1542440102332342278,1656919780000.0,2022-07-04 09:29:40,200,,@alviinaalametsa @TeestaSetalvad Europe human rights situation is getting worse day by day. Added to it is rampant racialism and spuermacism. Jehadis and terrorists are finding open support from some European countries and high net worth individuals. They are indulging in human right violations funded by OIC.,en,[],[],1004660582807556097,1004660582807556097,Krish23153332,‡§π‡§Æ ‡§Æ‡•ã‡§¶‡•Ä ‡§¨‡§æ‡§®‡•ÄüáÆüá≥,1,9,https://twitter.com/Krish23153332/status/1543859574070845440,[],[],0,,False,2,0,1,,None,,,,,,,"[{'screen_name': 'alviinaalametsa', 'name': 'Alviina Alamets√§', 'id': '888960558'}, {'screen_name': 'TeestaSetalvad', 'name': 'Teesta Setalvad', 'id': '116372682'}]",,,,
1544142379598356480,1542440102332342278,1656987206000.0,2022-07-05 04:13:26,200,,"@alviinaalametsa @TeestaSetalvad So says a MP of a country that openly supported the Nazis in WW-2,aiding and abetting in the infamous holocaustüòè!!Finland also has a lot of neo Nazis as per the latest reports.",en,[],[],1488085088617512961,1488085088617512961,Sumanban89,SUMAN BANERJEE,2,4,https://twitter.com/Sumanban89/status/1544142379598356480,[],[],0,,False,0,0,0,,None,,,,,,,"[{'screen_name': 'alviinaalametsa', 'name': 'Alviina Alamets√§', 'id': '888960558'}, {'screen_name': 'TeestaSetalvad', 'name': 'Teesta Setalvad', 'id': '116372682'}]",,,,
