Id,Label
Bdjena988,Bdjena988
Bdjena988,Bdjena988
Bdjena988,Bdjena988
Bdjena988,Bdjena988
Bdjena988,Bdjena988
Bdjena988,Bdjena988
Bdjena988,Bdjena988
Bdjena988,Bdjena988
Bdjena988,Bdjena988
Bdjena988,Bdjena988
Bdjena988,Bdjena988
Bdjena988,Bdjena988
Bdjena988,Bdjena988
Bdjena988,Bdjena988
Bdjena988,Bdjena988
Bdjena988,Bdjena988
Bdjena988,Bdjena988
Bdjena988,Bdjena988
Bdjena988,Bdjena988
Bdjena988,Bdjena988
Bdjena988,Bdjena988
Bdjena988,Bdjena988
Bdjena988,Bdjena988
Bdjena988,Bdjena988
Bdjena988,Bdjena988
Bdjena988,Bdjena988
Bdjena988,Bdjena988
Bdjena988,Bdjena988
Bdjena988,Bdjena988
Bdjena988,Bdjena988
Bdjena988,Bdjena988
Bdjena988,Bdjena988
Bdjena988,Bdjena988
Bdjena988,Bdjena988
Bdjena988,Bdjena988
Bdjena988,Bdjena988
Bdjena988,Bdjena988
Bdjena988,Bdjena988
Bdjena988,Bdjena988
Bdjena988,Bdjena988
Bdjena988,Bdjena988
Bdjena988,Bdjena988
Bdjena988,Bdjena988
Bdjena988,Bdjena988
Bdjena988,Bdjena988
Bdjena988,Bdjena988
Bdjena988,Bdjena988
Bdjena988,Bdjena988
Bdjena988,Bdjena988
Bdjena988,Bdjena988
Bdjena988,Bdjena988
Bdjena988,Bdjena988
Bdjena988,Bdjena988
Bdjena988,Bdjena988
Bdjena988,Bdjena988
Bdjena988,Bdjena988
Bdjena988,Bdjena988
Bdjena988,Bdjena988
Bdjena988,Bdjena988
Bdjena988,Bdjena988
Bdjena988,Bdjena988
Bdjena988,Bdjena988
Bdjena988,Bdjena988
Bdjena988,Bdjena988
Bdjena988,Bdjena988
Bdjena988,Bdjena988
Bdjena988,Bdjena988
Bdjena988,Bdjena988
Bdjena988,Bdjena988
Bdjena988,Bdjena988
Bdjena988,Bdjena988
Bdjena988,Bdjena988
Bdjena988,Bdjena988
Bdjena988,Bdjena988
Bdjena988,Bdjena988
Bdjena988,Bdjena988
Bdjena988,Bdjena988
Bdjena988,Bdjena988
Bdjena988,Bdjena988
Bdjena988,Bdjena988
Bdjena988,Bdjena988
Bdjena988,Bdjena988
Bdjena988,Bdjena988
Bdjena988,Bdjena988
Bdjena988,Bdjena988
Bdjena988,Bdjena988
Bdjena988,Bdjena988
Bdjena988,Bdjena988
Bdjena988,Bdjena988
Bdjena988,Bdjena988
Bdjena988,Bdjena988
Bdjena988,Bdjena988
Bdjena988,Bdjena988
Bdjena988,Bdjena988
Bdjena988,Bdjena988
Bdjena988,Bdjena988
Bdjena988,Bdjena988
Bdjena988,Bdjena988
Bdjena988,Bdjena988
Bdjena988,Bdjena988
Bdjena988,Bdjena988
Bdjena988,Bdjena988
Bdjena988,Bdjena988
Bdjena988,Bdjena988
Bdjena988,Bdjena988
Bdjena988,Bdjena988
Bdjena988,Bdjena988
Bdjena988,Bdjena988
Bdjena988,Bdjena988
Bdjena988,Bdjena988
Bdjena988,Bdjena988
Bdjena988,Bdjena988
Bdjena988,Bdjena988
Bdjena988,Bdjena988
Bdjena988,Bdjena988
Bdjena988,Bdjena988
Bdjena988,Bdjena988
Bdjena988,Bdjena988
Bdjena988,Bdjena988
Bdjena988,Bdjena988
Bdjena988,Bdjena988
Bdjena988,Bdjena988
Bdjena988,Bdjena988
Bdjena988,Bdjena988
Bdjena988,Bdjena988
Bdjena988,Bdjena988
Bdjena988,Bdjena988
cricketspr,cricketspr
cricketspr,cricketspr
cricketspr,cricketspr
cricketspr,cricketspr
cricketspr,cricketspr
cricketspr,cricketspr
cricketspr,cricketspr
cricketspr,cricketspr
cricketspr,cricketspr
cricketspr,cricketspr
cricketspr,cricketspr
cricketspr,cricketspr
cricketspr,cricketspr
cricketspr,cricketspr
cricketspr,cricketspr
cricketspr,cricketspr
cricketspr,cricketspr
cricketspr,cricketspr
cricketspr,cricketspr
cricketspr,cricketspr
cricketspr,cricketspr
cricketspr,cricketspr
cricketspr,cricketspr
cricketspr,cricketspr
cricketspr,cricketspr
cricketspr,cricketspr
cricketspr,cricketspr
cricketspr,cricketspr
cricketspr,cricketspr
cricketspr,cricketspr
cricketspr,cricketspr
cricketspr,cricketspr
cricketspr,cricketspr
cricketspr,cricketspr
cricketspr,cricketspr
cricketspr,cricketspr
cricketspr,cricketspr
cricketspr,cricketspr
cricketspr,cricketspr
cricketspr,cricketspr
cricketspr,cricketspr
cricketspr,cricketspr
cricketspr,cricketspr
cricketspr,cricketspr
cricketspr,cricketspr
cricketspr,cricketspr
cricketspr,cricketspr
cricketspr,cricketspr
cricketspr,cricketspr
cricketspr,cricketspr
cricketspr,cricketspr
cricketspr,cricketspr
cricketspr,cricketspr
cricketspr,cricketspr
cricketspr,cricketspr
cricketspr,cricketspr
cricketspr,cricketspr
cricketspr,cricketspr
cricketspr,cricketspr
cricketspr,cricketspr
cricketspr,cricketspr
cricketspr,cricketspr
cricketspr,cricketspr
cricketspr,cricketspr
cricketspr,cricketspr
cricketspr,cricketspr
cricketspr,cricketspr
cricketspr,cricketspr
cricketspr,cricketspr
cricketspr,cricketspr
cricketspr,cricketspr
cricketspr,cricketspr
cricketspr,cricketspr
cricketspr,cricketspr
cricketspr,cricketspr
cricketspr,cricketspr
cricketspr,cricketspr
cricketspr,cricketspr
cricketspr,cricketspr
cricketspr,cricketspr
cricketspr,cricketspr
cricketspr,cricketspr
cricketspr,cricketspr
cricketspr,cricketspr
cricketspr,cricketspr
cricketspr,cricketspr
cricketspr,cricketspr
BabuRao_Deva,BabuRao_Deva
BabuRao_Deva,BabuRao_Deva
BabuRao_Deva,BabuRao_Deva
BabuRao_Deva,BabuRao_Deva
BabuRao_Deva,BabuRao_Deva
BabuRao_Deva,BabuRao_Deva
BabuRao_Deva,BabuRao_Deva
BabuRao_Deva,BabuRao_Deva
BabuRao_Deva,BabuRao_Deva
BabuRao_Deva,BabuRao_Deva
BabuRao_Deva,BabuRao_Deva
BabuRao_Deva,BabuRao_Deva
BabuRao_Deva,BabuRao_Deva
BabuRao_Deva,BabuRao_Deva
BabuRao_Deva,BabuRao_Deva
BabuRao_Deva,BabuRao_Deva
BabuRao_Deva,BabuRao_Deva
BabuRao_Deva,BabuRao_Deva
BabuRao_Deva,BabuRao_Deva
BabuRao_Deva,BabuRao_Deva
BabuRao_Deva,BabuRao_Deva
BabuRao_Deva,BabuRao_Deva
BabuRao_Deva,BabuRao_Deva
BabuRao_Deva,BabuRao_Deva
BabuRao_Deva,BabuRao_Deva
BabuRao_Deva,BabuRao_Deva
BabuRao_Deva,BabuRao_Deva
BabuRao_Deva,BabuRao_Deva
BabuRao_Deva,BabuRao_Deva
BabuRao_Deva,BabuRao_Deva
BabuRao_Deva,BabuRao_Deva
BabuRao_Deva,BabuRao_Deva
BabuRao_Deva,BabuRao_Deva
BabuRao_Deva,BabuRao_Deva
BabuRao_Deva,BabuRao_Deva
BabuRao_Deva,BabuRao_Deva
BabuRao_Deva,BabuRao_Deva
BabuRao_Deva,BabuRao_Deva
BabuRao_Deva,BabuRao_Deva
BabuRao_Deva,BabuRao_Deva
BabuRao_Deva,BabuRao_Deva
BabuRao_Deva,BabuRao_Deva
BabuRao_Deva,BabuRao_Deva
BabuRao_Deva,BabuRao_Deva
BabuRao_Deva,BabuRao_Deva
BabuRao_Deva,BabuRao_Deva
BabuRao_Deva,BabuRao_Deva
BabuRao_Deva,BabuRao_Deva
BabuRao_Deva,BabuRao_Deva
BabuRao_Deva,BabuRao_Deva
BabuRao_Deva,BabuRao_Deva
BabuRao_Deva,BabuRao_Deva
BabuRao_Deva,BabuRao_Deva
BabuRao_Deva,BabuRao_Deva
BabuRao_Deva,BabuRao_Deva
BabuRao_Deva,BabuRao_Deva
BabuRao_Deva,BabuRao_Deva
BabuRao_Deva,BabuRao_Deva
BabuRao_Deva,BabuRao_Deva
BabuRao_Deva,BabuRao_Deva
BabuRao_Deva,BabuRao_Deva
BabuRao_Deva,BabuRao_Deva
BabuRao_Deva,BabuRao_Deva
BabuRao_Deva,BabuRao_Deva
BabuRao_Deva,BabuRao_Deva
BabuRao_Deva,BabuRao_Deva
BabuRao_Deva,BabuRao_Deva
BabuRao_Deva,BabuRao_Deva
BabuRao_Deva,BabuRao_Deva
BabuRao_Deva,BabuRao_Deva
BabuRao_Deva,BabuRao_Deva
BabuRao_Deva,BabuRao_Deva
BabuRao_Deva,BabuRao_Deva
BabuRao_Deva,BabuRao_Deva
BabuRao_Deva,BabuRao_Deva
BabuRao_Deva,BabuRao_Deva
BabuRao_Deva,BabuRao_Deva
BabuRao_Deva,BabuRao_Deva
BabuRao_Deva,BabuRao_Deva
BabuRao_Deva,BabuRao_Deva
BabuRao_Deva,BabuRao_Deva
BabuRao_Deva,BabuRao_Deva
BabuRao_Deva,BabuRao_Deva
BabuRao_Deva,BabuRao_Deva
BabuRao_Deva,BabuRao_Deva
BabuRao_Deva,BabuRao_Deva
BabuRao_Deva,BabuRao_Deva
BabuRao_Deva,BabuRao_Deva
BabuRao_Deva,BabuRao_Deva
BabuRao_Deva,BabuRao_Deva
BabuRao_Deva,BabuRao_Deva
BabuRao_Deva,BabuRao_Deva
BabuRao_Deva,BabuRao_Deva
BabuRao_Deva,BabuRao_Deva
BabuRao_Deva,BabuRao_Deva
BabuRao_Deva,BabuRao_Deva
BabuRao_Deva,BabuRao_Deva
BabuRao_Deva,BabuRao_Deva
BabuRao_Deva,BabuRao_Deva
BabuRao_Deva,BabuRao_Deva
BabuRao_Deva,BabuRao_Deva
BabuRao_Deva,BabuRao_Deva
BabuRao_Deva,BabuRao_Deva
BabuRao_Deva,BabuRao_Deva
BabuRao_Deva,BabuRao_Deva
BabuRao_Deva,BabuRao_Deva
BabuRao_Deva,BabuRao_Deva
BabuRao_Deva,BabuRao_Deva
BabuRao_Deva,BabuRao_Deva
BabuRao_Deva,BabuRao_Deva
BabuRao_Deva,BabuRao_Deva
BabuRao_Deva,BabuRao_Deva
BabuRao_Deva,BabuRao_Deva
BabuRao_Deva,BabuRao_Deva
BabuRao_Deva,BabuRao_Deva
BabuRao_Deva,BabuRao_Deva
BabuRao_Deva,BabuRao_Deva
BabuRao_Deva,BabuRao_Deva
BabuRao_Deva,BabuRao_Deva
BabuRao_Deva,BabuRao_Deva
BabuRao_Deva,BabuRao_Deva
BabuRao_Deva,BabuRao_Deva
BabuRao_Deva,BabuRao_Deva
BabuRao_Deva,BabuRao_Deva
BabuRao_Deva,BabuRao_Deva
BabuRao_Deva,BabuRao_Deva
BabuRao_Deva,BabuRao_Deva
BabuRao_Deva,BabuRao_Deva
BabuRao_Deva,BabuRao_Deva
BabuRao_Deva,BabuRao_Deva
BabuRao_Deva,BabuRao_Deva
BabuRao_Deva,BabuRao_Deva
BabuRao_Deva,BabuRao_Deva
BabuRao_Deva,BabuRao_Deva
BabuRao_Deva,BabuRao_Deva
BabuRao_Deva,BabuRao_Deva
BabuRao_Deva,BabuRao_Deva
BabuRao_Deva,BabuRao_Deva
BabuRao_Deva,BabuRao_Deva
BabuRao_Deva,BabuRao_Deva
BabuRao_Deva,BabuRao_Deva
BabuRao_Deva,BabuRao_Deva
BabuRao_Deva,BabuRao_Deva
BabuRao_Deva,BabuRao_Deva
BabuRao_Deva,BabuRao_Deva
BabuRao_Deva,BabuRao_Deva
BabuRao_Deva,BabuRao_Deva
BabuRao_Deva,BabuRao_Deva
BabuRao_Deva,BabuRao_Deva
BabuRao_Deva,BabuRao_Deva
BabuRao_Deva,BabuRao_Deva
BabuRao_Deva,BabuRao_Deva
BabuRao_Deva,BabuRao_Deva
BabuRao_Deva,BabuRao_Deva
BabuRao_Deva,BabuRao_Deva
BabuRao_Deva,BabuRao_Deva
BabuRao_Deva,BabuRao_Deva
BabuRao_Deva,BabuRao_Deva
BabuRao_Deva,BabuRao_Deva
BabuRao_Deva,BabuRao_Deva
BabuRao_Deva,BabuRao_Deva
BabuRao_Deva,BabuRao_Deva
BabuRao_Deva,BabuRao_Deva
BabuRao_Deva,BabuRao_Deva
BabuRao_Deva,BabuRao_Deva
BabuRao_Deva,BabuRao_Deva
BabuRao_Deva,BabuRao_Deva
BabuRao_Deva,BabuRao_Deva
BabuRao_Deva,BabuRao_Deva
BabuRao_Deva,BabuRao_Deva
BabuRao_Deva,BabuRao_Deva
BabuRao_Deva,BabuRao_Deva
BabuRao_Deva,BabuRao_Deva
BabuRao_Deva,BabuRao_Deva
BabuRao_Deva,BabuRao_Deva
BabuRao_Deva,BabuRao_Deva
BabuRao_Deva,BabuRao_Deva
BabuRao_Deva,BabuRao_Deva
BabuRao_Deva,BabuRao_Deva
BabuRao_Deva,BabuRao_Deva
BabuRao_Deva,BabuRao_Deva
BabuRao_Deva,BabuRao_Deva
BabuRao_Deva,BabuRao_Deva
BabuRao_Deva,BabuRao_Deva
BabuRao_Deva,BabuRao_Deva
BabuRao_Deva,BabuRao_Deva
BabuRao_Deva,BabuRao_Deva
BabuRao_Deva,BabuRao_Deva
BabuRao_Deva,BabuRao_Deva
BabuRao_Deva,BabuRao_Deva
BabuRao_Deva,BabuRao_Deva
BabuRao_Deva,BabuRao_Deva
BabuRao_Deva,BabuRao_Deva
BabuRao_Deva,BabuRao_Deva
BabuRao_Deva,BabuRao_Deva
BabuRao_Deva,BabuRao_Deva
BabuRao_Deva,BabuRao_Deva
BabuRao_Deva,BabuRao_Deva
BabuRao_Deva,BabuRao_Deva
BabuRao_Deva,BabuRao_Deva
BabuRao_Deva,BabuRao_Deva
BabuRao_Deva,BabuRao_Deva
ra54077891,ra54077891
ra54077891,ra54077891
ra54077891,ra54077891
ra54077891,ra54077891
ra54077891,ra54077891
ra54077891,ra54077891
ra54077891,ra54077891
ra54077891,ra54077891
ra54077891,ra54077891
ra54077891,ra54077891
ra54077891,ra54077891
funnyface234,funnyface234
funnyface234,funnyface234
funnyface234,funnyface234
funnyface234,funnyface234
funnyface234,funnyface234
funnyface234,funnyface234
funnyface234,funnyface234
funnyface234,funnyface234
funnyface234,funnyface234
funnyface234,funnyface234
funnyface234,funnyface234
funnyface234,funnyface234
funnyface234,funnyface234
funnyface234,funnyface234
funnyface234,funnyface234
funnyface234,funnyface234
funnyface234,funnyface234
funnyface234,funnyface234
funnyface234,funnyface234
funnyface234,funnyface234
funnyface234,funnyface234
funnyface234,funnyface234
funnyface234,funnyface234
funnyface234,funnyface234
funnyface234,funnyface234
funnyface234,funnyface234
funnyface234,funnyface234
funnyface234,funnyface234
funnyface234,funnyface234
funnyface234,funnyface234
funnyface234,funnyface234
funnyface234,funnyface234
funnyface234,funnyface234
funnyface234,funnyface234
funnyface234,funnyface234
funnyface234,funnyface234
funnyface234,funnyface234
funnyface234,funnyface234
funnyface234,funnyface234
funnyface234,funnyface234
funnyface234,funnyface234
funnyface234,funnyface234
funnyface234,funnyface234
funnyface234,funnyface234
funnyface234,funnyface234
funnyface234,funnyface234
funnyface234,funnyface234
funnyface234,funnyface234
funnyface234,funnyface234
funnyface234,funnyface234
funnyface234,funnyface234
funnyface234,funnyface234
funnyface234,funnyface234
funnyface234,funnyface234
funnyface234,funnyface234
funnyface234,funnyface234
funnyface234,funnyface234
funnyface234,funnyface234
funnyface234,funnyface234
funnyface234,funnyface234
funnyface234,funnyface234
funnyface234,funnyface234
funnyface234,funnyface234
funnyface234,funnyface234
funnyface234,funnyface234
funnyface234,funnyface234
funnyface234,funnyface234
funnyface234,funnyface234
funnyface234,funnyface234
funnyface234,funnyface234
funnyface234,funnyface234
funnyface234,funnyface234
funnyface234,funnyface234
funnyface234,funnyface234
Sanju40382206,Sanju40382206
Sanju40382206,Sanju40382206
Sanju40382206,Sanju40382206
Sanju40382206,Sanju40382206
Sanju40382206,Sanju40382206
Sanju40382206,Sanju40382206
Sanju40382206,Sanju40382206
Sanju40382206,Sanju40382206
Sanju40382206,Sanju40382206
Sanju40382206,Sanju40382206
Sanju40382206,Sanju40382206
Sanju40382206,Sanju40382206
Sanju40382206,Sanju40382206
Sanju40382206,Sanju40382206
Sanju40382206,Sanju40382206
Sanju40382206,Sanju40382206
Sanju40382206,Sanju40382206
